2026-02-15 14:44:39,734 | INFO | __main__ | ML Pipeline started
2026-02-15 14:46:39,401 | INFO | __main__ | ML Pipeline started
2026-02-15 14:46:39,405 | INFO | src.data.data_load | Loading data from data/raw/HR_Job_Placement_Dataset.csv
2026-02-15 14:46:39,631 | INFO | src.data.data_load | Data loaded successfully from data/raw/HR_Job_Placement_Dataset.csv, shape: (51500, 26)
2026-02-15 14:46:39,632 | INFO | src.data.data_cleaning | starting data cleaning process....
2026-02-15 14:46:39,830 | INFO | src.data.data_cleaning | Data cleaning completed
2026-02-15 14:46:39,830 | INFO | eda.eda | Starting EDA...
2026-02-15 14:46:41,076 | INFO | eda.eda | Saved: eda_plots\Interview score vs job acceptance.png
2026-02-15 14:46:41,287 | INFO | eda.eda | Saved: eda_plots\Skills Match Percentage vs Job Placement.png
2026-02-15 14:50:13,878 | INFO | __main__ | ML Pipeline started
2026-02-15 14:50:13,880 | INFO | src.data.data_load | Loading data from data/raw/HR_Job_Placement_Dataset.csv
2026-02-15 14:50:14,011 | INFO | src.data.data_load | Data loaded successfully from data/raw/HR_Job_Placement_Dataset.csv, shape: (51500, 26)
2026-02-15 14:50:14,012 | INFO | src.data.data_cleaning | starting data cleaning process....
2026-02-15 14:50:14,142 | INFO | src.data.data_cleaning | Data cleaning completed
2026-02-15 14:53:36,638 | INFO | __main__ | ML Pipeline started
2026-02-15 14:53:36,640 | INFO | src.data.data_load | Loading data from data/raw/HR_Job_Placement_Dataset.csv
2026-02-15 14:53:36,766 | INFO | src.data.data_load | Data loaded successfully from data/raw/HR_Job_Placement_Dataset.csv, shape: (51500, 26)
2026-02-15 14:53:36,766 | INFO | src.data.data_cleaning | starting data cleaning process....
2026-02-15 14:53:36,893 | INFO | src.data.data_cleaning | Data cleaning completed
2026-02-15 14:53:36,893 | INFO | src.data.data_preprocess | Starting data preprocessing (encoding)....
2026-02-15 14:53:36,972 | INFO | src.data.data_preprocess | Data preprocessing (encoding) completed
2026-02-15 14:53:36,975 | INFO | eda.eda | Starting EDA...
2026-02-15 14:53:37,160 | INFO | matplotlib.category | Using categorical units to plot a list of strings that are all parsable as floats or dates. If these strings should be plotted as numbers, cast to the appropriate data type before plotting.
2026-02-15 14:53:37,188 | INFO | matplotlib.category | Using categorical units to plot a list of strings that are all parsable as floats or dates. If these strings should be plotted as numbers, cast to the appropriate data type before plotting.
2026-02-15 14:53:37,271 | INFO | eda.eda | Saved: eda_plots\Interview score vs job acceptance.png
2026-02-15 14:53:37,376 | INFO | matplotlib.category | Using categorical units to plot a list of strings that are all parsable as floats or dates. If these strings should be plotted as numbers, cast to the appropriate data type before plotting.
2026-02-15 14:53:37,404 | INFO | matplotlib.category | Using categorical units to plot a list of strings that are all parsable as floats or dates. If these strings should be plotted as numbers, cast to the appropriate data type before plotting.
2026-02-15 14:53:37,472 | INFO | eda.eda | Saved: eda_plots\Skills Match Percentage vs Job Placement.png
2026-02-15 14:53:37,658 | INFO | eda.eda | Saved: eda_plots\Acceptance Rate by Company Tier.png
2026-02-15 14:53:37,791 | INFO | eda.eda | Saved: eda_plots\Placement Probability vs Years of Experience.png
2026-02-15 14:53:37,960 | INFO | eda.eda | Saved: eda_plots\Competition level vs job acceptance.png
2026-02-15 14:56:05,547 | INFO | __main__ | ML Pipeline started
2026-02-15 14:56:05,549 | INFO | src.data.data_load | Loading data from data/raw/HR_Job_Placement_Dataset.csv
2026-02-15 14:56:05,699 | INFO | src.data.data_load | Data loaded successfully from data/raw/HR_Job_Placement_Dataset.csv, shape: (51500, 26)
2026-02-15 14:56:05,699 | INFO | src.data.data_cleaning | starting data cleaning process....
2026-02-15 14:56:05,839 | INFO | src.data.data_cleaning | Data cleaning completed
2026-02-15 14:56:05,839 | INFO | src.data.data_preprocess | Starting data preprocessing (encoding)....
2026-02-15 14:56:05,899 | INFO | src.data.data_preprocess | Data preprocessing (encoding) completed
2026-02-15 14:56:05,903 | INFO | eda.eda | Starting EDA...
2026-02-15 14:56:06,143 | INFO | matplotlib.category | Using categorical units to plot a list of strings that are all parsable as floats or dates. If these strings should be plotted as numbers, cast to the appropriate data type before plotting.
2026-02-15 14:56:06,166 | INFO | matplotlib.category | Using categorical units to plot a list of strings that are all parsable as floats or dates. If these strings should be plotted as numbers, cast to the appropriate data type before plotting.
2026-02-15 14:56:06,247 | INFO | eda.eda | Saved: eda_plots\Interview score vs job acceptance.png
2026-02-15 14:56:06,364 | INFO | matplotlib.category | Using categorical units to plot a list of strings that are all parsable as floats or dates. If these strings should be plotted as numbers, cast to the appropriate data type before plotting.
2026-02-15 14:56:06,389 | INFO | matplotlib.category | Using categorical units to plot a list of strings that are all parsable as floats or dates. If these strings should be plotted as numbers, cast to the appropriate data type before plotting.
2026-02-15 14:56:06,458 | INFO | eda.eda | Saved: eda_plots\Skills Match Percentage vs Job Placement.png
2026-02-15 14:56:06,622 | INFO | eda.eda | Saved: eda_plots\Acceptance Rate by Company Tier.png
2026-02-15 14:56:06,755 | INFO | eda.eda | Saved: eda_plots\Placement Probability vs Years of Experience.png
2026-02-15 14:56:06,913 | INFO | eda.eda | Saved: eda_plots\Competition level vs job acceptance.png
2026-02-15 14:56:08,964 | INFO | eda.eda | Saved: eda_plots\Correlation Matrix of Numeric Features.png
2026-02-15 14:56:08,965 | INFO | eda.eda | EDA analysis completed successfully
2026-02-15 14:56:08,965 | INFO | src.features.feature_engineering | Starting feature engineering...
2026-02-15 14:56:09,741 | INFO | src.features.feature_engineering | Saved: fe_plots\Experience Category vs Placement Probability.png
2026-02-15 14:56:11,009 | INFO | src.features.feature_engineering | Saved: fe_plots\Academic Performance vs Placement Probability.png
2026-02-15 14:56:11,190 | INFO | src.features.feature_engineering | Saved: fe_plots\Skills match level.png
2026-02-15 14:56:11,360 | INFO | src.features.feature_engineering | Saved: fe_plots\Interview performance category.png
2026-02-15 14:56:11,360 | INFO | src.data.feature_scaling | Scaling features: ['communication_score', 'technical_score', 'skills_match_percentage', 'interview_score', 'years_of_experience']...
2026-02-15 14:56:11,367 | INFO | src.data.feature_scaling | Feature scaling completed
2026-02-15 14:56:12,080 | INFO | src.features.feature_engineering | Saved: fe_plots\Placement Probability Score.png
2026-02-15 14:56:12,080 | INFO | src.features.feature_engineering | Feature engineering completed successfully
2026-02-15 14:57:55,942 | INFO | __main__ | ML Pipeline started
2026-02-15 14:57:55,945 | INFO | src.data.data_load | Loading data from data/raw/HR_Job_Placement_Dataset.csv
2026-02-15 14:57:56,076 | INFO | src.data.data_load | Data loaded successfully from data/raw/HR_Job_Placement_Dataset.csv, shape: (51500, 26)
2026-02-15 14:57:56,077 | INFO | src.data.data_cleaning | starting data cleaning process....
2026-02-15 14:57:56,207 | INFO | src.data.data_cleaning | Data cleaning completed
2026-02-15 14:57:56,208 | INFO | src.data.data_preprocess | Starting data preprocessing (encoding)....
2026-02-15 14:57:56,266 | INFO | src.data.data_preprocess | Data preprocessing (encoding) completed
2026-02-15 14:57:56,270 | INFO | eda.eda | Starting EDA...
2026-02-15 14:57:56,457 | INFO | matplotlib.category | Using categorical units to plot a list of strings that are all parsable as floats or dates. If these strings should be plotted as numbers, cast to the appropriate data type before plotting.
2026-02-15 14:57:56,483 | INFO | matplotlib.category | Using categorical units to plot a list of strings that are all parsable as floats or dates. If these strings should be plotted as numbers, cast to the appropriate data type before plotting.
2026-02-15 14:57:56,567 | INFO | eda.eda | Saved: eda_plots\Interview score vs job acceptance.png
2026-02-15 14:57:56,672 | INFO | matplotlib.category | Using categorical units to plot a list of strings that are all parsable as floats or dates. If these strings should be plotted as numbers, cast to the appropriate data type before plotting.
2026-02-15 14:57:56,702 | INFO | matplotlib.category | Using categorical units to plot a list of strings that are all parsable as floats or dates. If these strings should be plotted as numbers, cast to the appropriate data type before plotting.
2026-02-15 14:57:56,766 | INFO | eda.eda | Saved: eda_plots\Skills Match Percentage vs Job Placement.png
2026-02-15 14:57:56,929 | INFO | eda.eda | Saved: eda_plots\Acceptance Rate by Company Tier.png
2026-02-15 14:57:57,070 | INFO | eda.eda | Saved: eda_plots\Placement Probability vs Years of Experience.png
2026-02-15 14:57:57,240 | INFO | eda.eda | Saved: eda_plots\Competition level vs job acceptance.png
2026-02-15 14:57:59,212 | INFO | eda.eda | Saved: eda_plots\Correlation Matrix of Numeric Features.png
2026-02-15 14:57:59,213 | INFO | eda.eda | EDA analysis completed successfully
2026-02-15 14:57:59,213 | INFO | src.features.feature_engineering | Starting feature engineering...
2026-02-15 14:57:59,734 | INFO | src.features.feature_engineering | Saved: fe_plots\Experience Category vs Placement Probability.png
2026-02-15 14:58:00,293 | INFO | src.features.feature_engineering | Saved: fe_plots\Academic Performance vs Placement Probability.png
2026-02-15 14:58:00,424 | INFO | src.features.feature_engineering | Saved: fe_plots\Skills match level.png
2026-02-15 14:58:00,554 | INFO | src.features.feature_engineering | Saved: fe_plots\Interview performance category.png
2026-02-15 14:58:00,555 | INFO | src.data.feature_scaling | Scaling features: ['communication_score', 'technical_score', 'skills_match_percentage', 'interview_score', 'years_of_experience']...
2026-02-15 14:58:00,560 | INFO | src.data.feature_scaling | Feature scaling completed
2026-02-15 14:58:01,111 | INFO | src.features.feature_engineering | Saved: fe_plots\Placement Probability Score.png
2026-02-15 14:58:01,111 | INFO | src.features.feature_engineering | Feature engineering completed successfully
2026-02-15 14:58:55,875 | INFO | __main__ | ML Pipeline started
2026-02-15 14:58:55,877 | INFO | src.data.data_load | Loading data from data/raw/HR_Job_Placement_Dataset.csv
2026-02-15 14:58:56,011 | INFO | src.data.data_load | Data loaded successfully from data/raw/HR_Job_Placement_Dataset.csv, shape: (51500, 26)
2026-02-15 14:58:56,012 | INFO | src.data.data_cleaning | starting data cleaning process....
2026-02-15 14:58:56,142 | INFO | src.data.data_cleaning | Data cleaning completed
2026-02-15 14:58:56,142 | INFO | src.data.data_preprocess | Starting data preprocessing (encoding)....
2026-02-15 14:58:56,191 | INFO | src.data.data_preprocess | Data preprocessing (encoding) completed
2026-02-15 14:58:56,195 | INFO | eda.eda | Starting EDA...
2026-02-15 14:58:56,394 | INFO | matplotlib.category | Using categorical units to plot a list of strings that are all parsable as floats or dates. If these strings should be plotted as numbers, cast to the appropriate data type before plotting.
2026-02-15 14:58:56,426 | INFO | matplotlib.category | Using categorical units to plot a list of strings that are all parsable as floats or dates. If these strings should be plotted as numbers, cast to the appropriate data type before plotting.
2026-02-15 14:58:56,519 | INFO | eda.eda | Saved: eda_plots\Interview score vs job acceptance.png
2026-02-15 14:58:56,671 | INFO | matplotlib.category | Using categorical units to plot a list of strings that are all parsable as floats or dates. If these strings should be plotted as numbers, cast to the appropriate data type before plotting.
2026-02-15 14:58:56,697 | INFO | matplotlib.category | Using categorical units to plot a list of strings that are all parsable as floats or dates. If these strings should be plotted as numbers, cast to the appropriate data type before plotting.
2026-02-15 14:58:56,763 | INFO | eda.eda | Saved: eda_plots\Skills Match Percentage vs Job Placement.png
2026-02-15 14:58:56,923 | INFO | eda.eda | Saved: eda_plots\Acceptance Rate by Company Tier.png
2026-02-15 14:58:57,070 | INFO | eda.eda | Saved: eda_plots\Placement Probability vs Years of Experience.png
2026-02-15 14:58:57,262 | INFO | eda.eda | Saved: eda_plots\Competition level vs job acceptance.png
2026-02-15 14:58:59,274 | INFO | eda.eda | Saved: eda_plots\Correlation Matrix of Numeric Features.png
2026-02-15 14:58:59,275 | INFO | eda.eda | EDA analysis completed successfully
2026-02-15 14:58:59,275 | INFO | src.features.feature_engineering | Starting feature engineering...
2026-02-15 14:58:59,816 | INFO | src.features.feature_engineering | Saved: fe_plots\Experience Category vs Placement Probability.png
2026-02-15 14:59:00,378 | INFO | src.features.feature_engineering | Saved: fe_plots\Academic Performance vs Placement Probability.png
2026-02-15 14:59:00,507 | INFO | src.features.feature_engineering | Saved: fe_plots\Skills match level.png
2026-02-15 14:59:00,663 | INFO | src.features.feature_engineering | Saved: fe_plots\Interview performance category.png
2026-02-15 14:59:00,663 | INFO | src.data.feature_scaling | Scaling features: ['communication_score', 'technical_score', 'skills_match_percentage', 'interview_score', 'years_of_experience']...
2026-02-15 14:59:00,669 | INFO | src.data.feature_scaling | Feature scaling completed
2026-02-15 14:59:01,197 | INFO | src.features.feature_engineering | Saved: fe_plots\Placement Probability Score.png
2026-02-15 14:59:01,198 | INFO | src.features.feature_engineering | Feature engineering completed successfully
2026-02-15 15:00:27,998 | INFO | __main__ | ML Pipeline started
2026-02-15 15:00:28,000 | INFO | src.data.data_load | Loading data from data/raw/HR_Job_Placement_Dataset.csv
2026-02-15 15:00:28,136 | INFO | src.data.data_load | Data loaded successfully from data/raw/HR_Job_Placement_Dataset.csv, shape: (51500, 26)
2026-02-15 15:00:28,137 | INFO | src.data.data_cleaning | starting data cleaning process....
2026-02-15 15:00:28,265 | INFO | src.data.data_cleaning | Data cleaning completed
2026-02-15 15:00:28,265 | INFO | src.data.data_preprocess | Starting data preprocessing (encoding)....
2026-02-15 15:00:28,317 | INFO | src.data.data_preprocess | Data preprocessing (encoding) completed
2026-02-15 15:00:28,321 | INFO | eda.eda | Starting EDA...
2026-02-15 15:00:28,523 | INFO | matplotlib.category | Using categorical units to plot a list of strings that are all parsable as floats or dates. If these strings should be plotted as numbers, cast to the appropriate data type before plotting.
2026-02-15 15:00:28,557 | INFO | matplotlib.category | Using categorical units to plot a list of strings that are all parsable as floats or dates. If these strings should be plotted as numbers, cast to the appropriate data type before plotting.
2026-02-15 15:00:28,642 | INFO | eda.eda | Saved: eda_plots\Interview score vs job acceptance.png
2026-02-15 15:00:28,751 | INFO | matplotlib.category | Using categorical units to plot a list of strings that are all parsable as floats or dates. If these strings should be plotted as numbers, cast to the appropriate data type before plotting.
2026-02-15 15:00:28,774 | INFO | matplotlib.category | Using categorical units to plot a list of strings that are all parsable as floats or dates. If these strings should be plotted as numbers, cast to the appropriate data type before plotting.
2026-02-15 15:00:28,838 | INFO | eda.eda | Saved: eda_plots\Skills Match Percentage vs Job Placement.png
2026-02-15 15:00:28,991 | INFO | eda.eda | Saved: eda_plots\Acceptance Rate by Company Tier.png
2026-02-15 15:00:29,116 | INFO | eda.eda | Saved: eda_plots\Placement Probability vs Years of Experience.png
2026-02-15 15:00:29,267 | INFO | eda.eda | Saved: eda_plots\Competition level vs job acceptance.png
2026-02-15 15:00:31,309 | INFO | eda.eda | Saved: eda_plots\Correlation Matrix of Numeric Features.png
2026-02-15 15:00:31,309 | INFO | eda.eda | EDA analysis completed successfully
2026-02-15 15:00:31,310 | INFO | src.features.feature_engineering | Starting feature engineering...
2026-02-15 15:00:31,840 | INFO | src.features.feature_engineering | Saved: fe_plots\Experience Category vs Placement Probability.png
2026-02-15 15:00:32,377 | INFO | src.features.feature_engineering | Saved: fe_plots\Academic Performance vs Placement Probability.png
2026-02-15 15:00:32,520 | INFO | src.features.feature_engineering | Saved: fe_plots\Skills match level.png
2026-02-15 15:00:32,663 | INFO | src.features.feature_engineering | Saved: fe_plots\Interview performance category.png
2026-02-15 15:00:32,664 | INFO | src.data.feature_scaling | Scaling features: ['communication_score', 'technical_score', 'skills_match_percentage', 'interview_score', 'years_of_experience']...
2026-02-15 15:00:32,670 | INFO | src.data.feature_scaling | Feature scaling completed
2026-02-15 15:00:33,260 | INFO | src.features.feature_engineering | Saved: fe_plots\Placement Probability Score.png
2026-02-15 15:00:33,260 | INFO | src.features.feature_engineering | Feature engineering completed successfully
2026-02-15 15:00:33,261 | INFO | src.data.split | Splitting data into train and test sets
2026-02-15 15:00:33,335 | INFO | src.data.split | Split completed: Train={X_train.shape}, Test={X_test.shape}
2026-02-15 15:00:34,092 | INFO | src.data.split | Train data saved at data/processed/processed_dataset.csv\train_raw.csv
2026-02-15 15:00:34,092 | INFO | src.data.split | Test data saved at data/processed/processed_dataset.csv\test_raw.csv
2026-02-15 15:05:35,871 | INFO | __main__ | ML Pipeline started
2026-02-15 15:05:35,874 | INFO | src.data.data_load | Loading data from data/raw/HR_Job_Placement_Dataset.csv
2026-02-15 15:05:36,002 | INFO | src.data.data_load | Data loaded successfully from data/raw/HR_Job_Placement_Dataset.csv, shape: (51500, 26)
2026-02-15 15:05:36,002 | INFO | src.data.data_cleaning | starting data cleaning process....
2026-02-15 15:05:36,135 | INFO | src.data.data_cleaning | Data cleaning completed
2026-02-15 15:05:36,136 | INFO | src.data.data_preprocess | Starting data preprocessing (encoding)....
2026-02-15 15:05:36,190 | INFO | src.data.data_preprocess | Data preprocessing (encoding) completed
2026-02-15 15:05:36,194 | INFO | eda.eda | Starting EDA...
2026-02-15 15:05:36,385 | INFO | matplotlib.category | Using categorical units to plot a list of strings that are all parsable as floats or dates. If these strings should be plotted as numbers, cast to the appropriate data type before plotting.
2026-02-15 15:05:36,414 | INFO | matplotlib.category | Using categorical units to plot a list of strings that are all parsable as floats or dates. If these strings should be plotted as numbers, cast to the appropriate data type before plotting.
2026-02-15 15:05:36,509 | INFO | eda.eda | Saved: eda_plots\Interview score vs job acceptance.png
2026-02-15 15:05:36,624 | INFO | matplotlib.category | Using categorical units to plot a list of strings that are all parsable as floats or dates. If these strings should be plotted as numbers, cast to the appropriate data type before plotting.
2026-02-15 15:05:36,649 | INFO | matplotlib.category | Using categorical units to plot a list of strings that are all parsable as floats or dates. If these strings should be plotted as numbers, cast to the appropriate data type before plotting.
2026-02-15 15:05:36,716 | INFO | eda.eda | Saved: eda_plots\Skills Match Percentage vs Job Placement.png
2026-02-15 15:05:36,871 | INFO | eda.eda | Saved: eda_plots\Acceptance Rate by Company Tier.png
2026-02-15 15:05:37,000 | INFO | eda.eda | Saved: eda_plots\Placement Probability vs Years of Experience.png
2026-02-15 15:05:37,150 | INFO | eda.eda | Saved: eda_plots\Competition level vs job acceptance.png
2026-02-15 15:05:39,185 | INFO | eda.eda | Saved: eda_plots\Correlation Matrix of Numeric Features.png
2026-02-15 15:05:39,186 | INFO | eda.eda | EDA analysis completed successfully
2026-02-15 15:05:39,186 | INFO | src.features.feature_engineering | Starting feature engineering...
2026-02-15 15:05:39,726 | INFO | src.features.feature_engineering | Saved: fe_plots\Experience Category vs Placement Probability.png
2026-02-15 15:05:40,266 | INFO | src.features.feature_engineering | Saved: fe_plots\Academic Performance vs Placement Probability.png
2026-02-15 15:05:40,398 | INFO | src.features.feature_engineering | Saved: fe_plots\Skills match level.png
2026-02-15 15:05:40,539 | INFO | src.features.feature_engineering | Saved: fe_plots\Interview performance category.png
2026-02-15 15:05:40,539 | INFO | src.data.feature_scaling | Scaling features: ['communication_score', 'technical_score', 'skills_match_percentage', 'interview_score', 'years_of_experience']...
2026-02-15 15:05:40,546 | INFO | src.data.feature_scaling | Feature scaling completed
2026-02-15 15:05:41,067 | INFO | src.features.feature_engineering | Saved: fe_plots\Placement Probability Score.png
2026-02-15 15:05:41,067 | INFO | src.features.feature_engineering | Feature engineering completed successfully
2026-02-15 15:05:41,068 | INFO | src.data.split | Splitting data into train and test sets
2026-02-15 15:05:41,102 | INFO | src.data.split | Split completed: Train={X_train.shape}, Test={X_test.shape}
2026-02-15 15:05:41,803 | INFO | src.data.split | Train data saved at data/processed/processed_dataset.csv\train_raw.csv
2026-02-15 15:05:41,803 | INFO | src.data.split | Test data saved at data/processed/processed_dataset.csv\test_raw.csv
2026-02-15 15:11:50,951 | INFO | __main__ | ML Pipeline started
2026-02-15 15:11:50,978 | INFO | src.data.data_load | Loading data from data/raw/HR_Job_Placement_Dataset.csv
2026-02-15 15:11:51,190 | INFO | src.data.data_load | Data loaded successfully from data/raw/HR_Job_Placement_Dataset.csv, shape: (51500, 26)
2026-02-15 15:11:51,191 | INFO | src.data.data_cleaning | starting data cleaning process....
2026-02-15 15:11:51,390 | INFO | src.data.data_cleaning | Data cleaning completed
2026-02-15 15:11:51,391 | INFO | src.data.data_preprocess | Starting data preprocessing (encoding)....
2026-02-15 15:11:51,464 | INFO | src.data.data_preprocess | Data preprocessing (encoding) completed
2026-02-15 15:11:51,468 | INFO | eda.eda | Starting EDA...
2026-02-15 15:11:52,875 | INFO | matplotlib.category | Using categorical units to plot a list of strings that are all parsable as floats or dates. If these strings should be plotted as numbers, cast to the appropriate data type before plotting.
2026-02-15 15:11:52,908 | INFO | matplotlib.category | Using categorical units to plot a list of strings that are all parsable as floats or dates. If these strings should be plotted as numbers, cast to the appropriate data type before plotting.
2026-02-15 15:11:53,026 | INFO | eda.eda | Saved: eda_plots\Interview score vs job acceptance.png
2026-02-15 15:11:53,143 | INFO | matplotlib.category | Using categorical units to plot a list of strings that are all parsable as floats or dates. If these strings should be plotted as numbers, cast to the appropriate data type before plotting.
2026-02-15 15:11:53,179 | INFO | matplotlib.category | Using categorical units to plot a list of strings that are all parsable as floats or dates. If these strings should be plotted as numbers, cast to the appropriate data type before plotting.
2026-02-15 15:11:53,275 | INFO | eda.eda | Saved: eda_plots\Skills Match Percentage vs Job Placement.png
2026-02-15 15:11:53,451 | INFO | eda.eda | Saved: eda_plots\Acceptance Rate by Company Tier.png
2026-02-15 15:11:53,620 | INFO | eda.eda | Saved: eda_plots\Placement Probability vs Years of Experience.png
2026-02-15 15:11:53,774 | INFO | eda.eda | Saved: eda_plots\Competition level vs job acceptance.png
2026-02-15 15:11:55,604 | INFO | eda.eda | Saved: eda_plots\Correlation Matrix of Numeric Features.png
2026-02-15 15:11:55,604 | INFO | eda.eda | EDA analysis completed successfully
2026-02-15 15:11:55,605 | INFO | src.features.feature_engineering | Starting feature engineering...
2026-02-15 15:11:56,204 | INFO | src.features.feature_engineering | Saved: fe_plots\Experience Category vs Placement Probability.png
2026-02-15 15:11:56,759 | INFO | src.features.feature_engineering | Saved: fe_plots\Academic Performance vs Placement Probability.png
2026-02-15 15:11:56,915 | INFO | src.features.feature_engineering | Saved: fe_plots\Skills match level.png
2026-02-15 15:11:57,050 | INFO | src.features.feature_engineering | Saved: fe_plots\Interview performance category.png
2026-02-15 15:11:57,050 | INFO | src.data.feature_scaling | Scaling features: ['communication_score', 'technical_score', 'skills_match_percentage', 'interview_score', 'years_of_experience']...
2026-02-15 15:11:57,055 | INFO | src.data.feature_scaling | Feature scaling completed
2026-02-15 15:11:57,535 | INFO | src.features.feature_engineering | Saved: fe_plots\Placement Probability Score.png
2026-02-15 15:11:57,536 | INFO | src.features.feature_engineering | Feature engineering completed successfully
2026-02-15 15:11:57,536 | INFO | src.data.split | Splitting data into train and test sets
2026-02-15 15:11:57,570 | INFO | src.data.split | Split completed: Train={X_train.shape}, Test={X_test.shape}
2026-02-15 15:11:58,208 | INFO | src.data.split | Train data saved at data/processed/processed_dataset.csv\train_raw.csv
2026-02-15 15:11:58,208 | INFO | src.data.split | Test data saved at data/processed/processed_dataset.csv\test_raw.csv
2026-02-15 15:11:58,212 | INFO | src.models.train | Training LogisticRegression
2026-02-15 15:14:15,386 | INFO | __main__ | ML Pipeline started
2026-02-15 15:14:15,389 | INFO | src.data.data_load | Loading data from data/raw/HR_Job_Placement_Dataset.csv
2026-02-15 15:14:15,502 | INFO | src.data.data_load | Data loaded successfully from data/raw/HR_Job_Placement_Dataset.csv, shape: (51500, 26)
2026-02-15 15:14:15,502 | INFO | src.data.data_cleaning | starting data cleaning process....
2026-02-15 15:14:15,620 | INFO | src.data.data_cleaning | Data cleaning completed
2026-02-15 15:14:15,621 | INFO | src.data.data_preprocess | Starting data preprocessing (encoding)....
2026-02-15 15:14:15,668 | INFO | src.data.data_preprocess | Data preprocessing (encoding) completed
2026-02-15 15:14:15,670 | INFO | eda.eda | Starting EDA...
2026-02-15 15:14:15,839 | INFO | matplotlib.category | Using categorical units to plot a list of strings that are all parsable as floats or dates. If these strings should be plotted as numbers, cast to the appropriate data type before plotting.
2026-02-15 15:14:15,864 | INFO | matplotlib.category | Using categorical units to plot a list of strings that are all parsable as floats or dates. If these strings should be plotted as numbers, cast to the appropriate data type before plotting.
2026-02-15 15:14:15,942 | INFO | eda.eda | Saved: eda_plots\Interview score vs job acceptance.png
2026-02-15 15:14:16,041 | INFO | matplotlib.category | Using categorical units to plot a list of strings that are all parsable as floats or dates. If these strings should be plotted as numbers, cast to the appropriate data type before plotting.
2026-02-15 15:14:16,066 | INFO | matplotlib.category | Using categorical units to plot a list of strings that are all parsable as floats or dates. If these strings should be plotted as numbers, cast to the appropriate data type before plotting.
2026-02-15 15:14:16,123 | INFO | eda.eda | Saved: eda_plots\Skills Match Percentage vs Job Placement.png
2026-02-15 15:14:16,259 | INFO | eda.eda | Saved: eda_plots\Acceptance Rate by Company Tier.png
2026-02-15 15:14:16,372 | INFO | eda.eda | Saved: eda_plots\Placement Probability vs Years of Experience.png
2026-02-15 15:14:16,517 | INFO | eda.eda | Saved: eda_plots\Competition level vs job acceptance.png
2026-02-15 15:14:18,296 | INFO | eda.eda | Saved: eda_plots\Correlation Matrix of Numeric Features.png
2026-02-15 15:14:18,297 | INFO | eda.eda | EDA analysis completed successfully
2026-02-15 15:14:18,297 | INFO | src.features.feature_engineering | Starting feature engineering...
2026-02-15 15:14:18,806 | INFO | src.features.feature_engineering | Saved: fe_plots\Experience Category vs Placement Probability.png
2026-02-15 15:14:19,283 | INFO | src.features.feature_engineering | Saved: fe_plots\Academic Performance vs Placement Probability.png
2026-02-15 15:14:19,400 | INFO | src.features.feature_engineering | Saved: fe_plots\Skills match level.png
2026-02-15 15:14:19,520 | INFO | src.features.feature_engineering | Saved: fe_plots\Interview performance category.png
2026-02-15 15:14:19,521 | INFO | src.data.feature_scaling | Scaling features: ['communication_score', 'technical_score', 'skills_match_percentage', 'interview_score', 'years_of_experience']...
2026-02-15 15:14:19,526 | INFO | src.data.feature_scaling | Feature scaling completed
2026-02-15 15:14:20,006 | INFO | src.features.feature_engineering | Saved: fe_plots\Placement Probability Score.png
2026-02-15 15:14:20,006 | INFO | src.features.feature_engineering | Feature engineering completed successfully
2026-02-15 15:14:20,045 | INFO | src.data.split | Splitting data into train and test sets
2026-02-15 15:14:20,073 | INFO | src.data.split | Split completed: Train={X_train.shape}, Test={X_test.shape}
2026-02-15 15:14:20,648 | INFO | src.data.split | Train data saved at data/processed/processed_dataset.csv\train_raw.csv
2026-02-15 15:14:20,648 | INFO | src.data.split | Test data saved at data/processed/processed_dataset.csv\test_raw.csv
2026-02-15 15:14:20,651 | INFO | src.models.train | Training LogisticRegression
2026-02-15 15:14:23,027 | INFO | src.models.evaluate | Evaluating model: LogisticRegression
2026-02-15 15:14:23,041 | INFO | src.models.evaluate | LogisticRegression Accuracy: 0.8736
2026-02-15 15:14:23,041 | INFO | src.models.evaluate | LogisticRegression F1 Score: 0.8722
2026-02-15 15:14:23,043 | INFO | src.models.train | Training decision tree
2026-02-15 15:14:23,629 | INFO | src.models.evaluate | Evaluating model: decision tree
2026-02-15 15:14:23,641 | INFO | src.models.evaluate | decision tree Accuracy: 0.8377
2026-02-15 15:14:23,641 | INFO | src.models.evaluate | decision tree F1 Score: 0.8383
2026-02-15 15:14:23,643 | INFO | src.models.train | Training RandomForest
2026-02-15 15:14:35,937 | INFO | src.models.evaluate | Evaluating model: RandomForest
2026-02-15 15:14:35,947 | INFO | src.models.evaluate | RandomForest Accuracy: 0.8948
2026-02-15 15:14:35,947 | INFO | src.models.evaluate | RandomForest F1 Score: 0.8915
2026-02-15 15:14:35,949 | INFO | src.models.train | Training knn
2026-02-15 15:14:38,097 | INFO | src.models.evaluate | Evaluating model: knn
2026-02-15 15:14:38,109 | INFO | src.models.evaluate | knn Accuracy: 0.7335
2026-02-15 15:14:38,110 | INFO | src.models.evaluate | knn F1 Score: 0.7305
2026-02-15 15:14:38,111 | INFO | src.models.train | Best model: RandomForest with F1: 0.8915
2026-02-15 15:16:45,590 | INFO | src.models.train | Best RF params: {'max_depth': 20, 'max_features': 'sqrt', 'min_samples_split': 2, 'n_estimators': 300}, CV accuracy: 0.8982
2026-02-15 15:17:03,021 | INFO | src.models.evaluate | Evaluating model: RandomForest_Final
2026-02-15 15:17:03,031 | INFO | src.models.evaluate | RandomForest_Final Accuracy: 0.8953
2026-02-15 15:17:03,031 | INFO | src.models.evaluate | RandomForest_Final F1 Score: 0.8927
2026-02-15 19:10:19,860 | INFO | __main__ | ML Pipeline started
2026-02-15 19:10:19,864 | INFO | src.data.data_load | Loading data from data/raw/HR_Job_Placement_Dataset.csv
2026-02-15 19:10:20,017 | INFO | src.data.data_load | Data loaded successfully from data/raw/HR_Job_Placement_Dataset.csv, shape: (51500, 26)
2026-02-15 19:10:20,017 | INFO | src.data.data_cleaning | starting data cleaning process....
2026-02-15 19:10:20,166 | INFO | src.data.data_cleaning | Data cleaning completed
2026-02-15 19:10:20,167 | INFO | src.data.data_preprocess | Starting data preprocessing (encoding)....
2026-02-15 19:10:20,223 | INFO | src.data.data_preprocess | Data preprocessing (encoding) completed
2026-02-15 19:10:20,227 | INFO | eda.eda | Starting EDA...
2026-02-15 19:10:21,082 | INFO | matplotlib.category | Using categorical units to plot a list of strings that are all parsable as floats or dates. If these strings should be plotted as numbers, cast to the appropriate data type before plotting.
2026-02-15 19:10:21,117 | INFO | matplotlib.category | Using categorical units to plot a list of strings that are all parsable as floats or dates. If these strings should be plotted as numbers, cast to the appropriate data type before plotting.
2026-02-15 19:10:21,212 | INFO | eda.eda | Saved: eda_plots\Interview score vs job acceptance.png
2026-02-15 19:10:21,319 | INFO | matplotlib.category | Using categorical units to plot a list of strings that are all parsable as floats or dates. If these strings should be plotted as numbers, cast to the appropriate data type before plotting.
2026-02-15 19:10:21,346 | INFO | matplotlib.category | Using categorical units to plot a list of strings that are all parsable as floats or dates. If these strings should be plotted as numbers, cast to the appropriate data type before plotting.
2026-02-15 19:10:21,411 | INFO | eda.eda | Saved: eda_plots\Skills Match Percentage vs Job Placement.png
2026-02-15 19:10:21,570 | INFO | eda.eda | Saved: eda_plots\Acceptance Rate by Company Tier.png
2026-02-15 19:10:21,698 | INFO | eda.eda | Saved: eda_plots\Placement Probability vs Years of Experience.png
2026-02-15 19:10:21,867 | INFO | eda.eda | Saved: eda_plots\Competition level vs job acceptance.png
2026-02-15 19:10:23,927 | INFO | eda.eda | Saved: eda_plots\Correlation Matrix of Numeric Features.png
2026-02-15 19:10:23,927 | INFO | eda.eda | EDA analysis completed successfully
2026-02-15 19:10:23,927 | INFO | src.features.feature_engineering | Starting feature engineering...
2026-02-15 19:10:24,499 | INFO | src.features.feature_engineering | Saved: fe_plots\Experience Category vs Placement Probability.png
2026-02-15 19:10:25,099 | INFO | src.features.feature_engineering | Saved: fe_plots\Academic Performance vs Placement Probability.png
2026-02-15 19:10:25,230 | INFO | src.features.feature_engineering | Saved: fe_plots\Skills match level.png
2026-02-15 19:10:25,370 | INFO | src.features.feature_engineering | Saved: fe_plots\Interview performance category.png
2026-02-15 19:10:25,371 | INFO | src.data.feature_scaling | Scaling features: ['communication_score', 'technical_score', 'skills_match_percentage', 'interview_score', 'years_of_experience']...
2026-02-15 19:10:25,376 | INFO | src.data.feature_scaling | Feature scaling completed
2026-02-15 19:10:25,934 | INFO | src.features.feature_engineering | Saved: fe_plots\Placement Probability Score.png
2026-02-15 19:10:25,934 | INFO | src.features.feature_engineering | Feature engineering completed successfully
2026-02-15 19:10:25,972 | INFO | src.data.split | Splitting data into train and test sets
2026-02-15 19:10:26,000 | INFO | src.data.split | Split completed: Train={X_train.shape}, Test={X_test.shape}
2026-02-15 19:10:26,665 | INFO | src.data.split | Train data saved at data/processed/processed_dataset.csv\train_raw.csv
2026-02-15 19:10:26,665 | INFO | src.data.split | Test data saved at data/processed/processed_dataset.csv\test_raw.csv
2026-02-15 19:10:26,667 | INFO | src.models.train | Training LogisticRegression
2026-02-15 19:10:29,596 | INFO | src.models.evaluate | Evaluating model: LogisticRegression
2026-02-15 19:10:29,608 | INFO | src.models.evaluate | LogisticRegression Accuracy: 0.8736
2026-02-15 19:10:29,608 | INFO | src.models.evaluate | LogisticRegression F1 Score: 0.8722
2026-02-15 19:10:29,610 | INFO | src.models.train | Training decision tree
2026-02-15 19:10:30,167 | INFO | src.models.evaluate | Evaluating model: decision tree
2026-02-15 19:10:30,180 | INFO | src.models.evaluate | decision tree Accuracy: 0.8377
2026-02-15 19:10:30,181 | INFO | src.models.evaluate | decision tree F1 Score: 0.8383
2026-02-15 19:10:30,183 | INFO | src.models.train | Training RandomForest
2026-02-15 19:10:43,566 | INFO | src.models.evaluate | Evaluating model: RandomForest
2026-02-15 19:10:43,577 | INFO | src.models.evaluate | RandomForest Accuracy: 0.8948
2026-02-15 19:10:43,578 | INFO | src.models.evaluate | RandomForest F1 Score: 0.8915
2026-02-15 19:10:43,580 | INFO | src.models.train | Training knn
2026-02-15 19:10:45,903 | INFO | src.models.evaluate | Evaluating model: knn
2026-02-15 19:10:45,919 | INFO | src.models.evaluate | knn Accuracy: 0.7335
2026-02-15 19:10:45,920 | INFO | src.models.evaluate | knn F1 Score: 0.7305
2026-02-15 19:10:45,923 | INFO | src.models.train | Best model: RandomForest with F1: 0.8915
2026-02-15 19:13:33,437 | INFO | src.models.train | Best RF params: {'max_depth': 20, 'max_features': 'sqrt', 'min_samples_split': 2, 'n_estimators': 300}, CV accuracy: 0.8982
2026-02-15 19:13:52,934 | INFO | src.models.evaluate | Evaluating model: RandomForest_Final
2026-02-15 19:13:52,944 | INFO | src.models.evaluate | RandomForest_Final Accuracy: 0.8953
2026-02-15 19:13:52,945 | INFO | src.models.evaluate | RandomForest_Final F1 Score: 0.8927
2026-02-15 19:13:52,948 | INFO | src.visuals.plots | Generating confusion matrix
2026-02-15 19:13:53,193 | INFO | src.visuals.plots | Saved: artifacts/reports/confusion_matrix.png\Confusion Matrix.png
2026-02-15 19:13:53,193 | INFO | src.visuals.plots | Confusion matrix saved at artifacts/reports/confusion_matrix.png
2026-02-15 19:13:55,401 | INFO | src.models.train | Train Accuracy: 0.9999, Test Accuracy: 0.8953
2026-02-15 19:13:55,452 | INFO | src.models.train | Top features:
                    feature  importance
5           technical_score    0.261508
11      years_of_experience    0.117966
8   skills_match_percentage    0.084994
13         expected_ctc_lpa    0.059392
7       communication_score    0.042751
12         previous_ctc_lpa    0.041931
6            aptitude_score    0.030493
4         degree_percentage    0.029341
3            hsc_percentage    0.028948
2            ssc_percentage    0.028803
2026-02-15 19:13:55,636 | INFO | src.models.train | Final RandomForest model saved at artifacts/models/final_random_forest_model.pkl
2026-02-15 19:13:55,678 | INFO | src.models.train | Saved REQUIRED_COLUMNS for inference at artifacts/required_columns.pkl
2026-02-15 19:41:23,979 | INFO | __main__ | ML Pipeline started
2026-02-15 19:41:23,982 | INFO | src.data.data_load | Loading data from data/raw/HR_Job_Placement_Dataset.csv
2026-02-15 19:41:24,121 | INFO | src.data.data_load | Data loaded successfully from data/raw/HR_Job_Placement_Dataset.csv, shape: (51500, 26)
2026-02-15 19:41:24,121 | INFO | src.data.data_cleaning | starting data cleaning process....
2026-02-15 19:41:24,262 | INFO | src.data.data_cleaning | Data cleaning completed
2026-02-15 19:41:24,263 | INFO | src.data.data_preprocess | Starting data preprocessing (encoding)....
2026-02-15 19:41:24,315 | INFO | src.data.data_preprocess | Data preprocessing (encoding) completed
2026-02-15 19:41:24,319 | INFO | eda.eda | Starting EDA...
2026-02-15 19:41:24,511 | INFO | matplotlib.category | Using categorical units to plot a list of strings that are all parsable as floats or dates. If these strings should be plotted as numbers, cast to the appropriate data type before plotting.
2026-02-15 19:41:24,537 | INFO | matplotlib.category | Using categorical units to plot a list of strings that are all parsable as floats or dates. If these strings should be plotted as numbers, cast to the appropriate data type before plotting.
2026-02-15 19:41:24,638 | INFO | eda.eda | Saved: eda_plots\Interview score vs job acceptance.png
2026-02-15 19:41:24,807 | INFO | matplotlib.category | Using categorical units to plot a list of strings that are all parsable as floats or dates. If these strings should be plotted as numbers, cast to the appropriate data type before plotting.
2026-02-15 19:41:24,830 | INFO | matplotlib.category | Using categorical units to plot a list of strings that are all parsable as floats or dates. If these strings should be plotted as numbers, cast to the appropriate data type before plotting.
2026-02-15 19:41:24,895 | INFO | eda.eda | Saved: eda_plots\Skills Match Percentage vs Job Placement.png
2026-02-15 19:41:25,050 | INFO | eda.eda | Saved: eda_plots\Acceptance Rate by Company Tier.png
2026-02-15 19:41:25,178 | INFO | eda.eda | Saved: eda_plots\Placement Probability vs Years of Experience.png
2026-02-15 19:41:25,331 | INFO | eda.eda | Saved: eda_plots\Competition level vs job acceptance.png
2026-02-15 19:41:27,398 | INFO | eda.eda | Saved: eda_plots\Correlation Matrix of Numeric Features.png
2026-02-15 19:41:27,399 | INFO | eda.eda | EDA analysis completed successfully
2026-02-15 19:41:27,399 | INFO | src.features.feature_engineering | Starting feature engineering...
2026-02-15 19:41:27,949 | INFO | src.features.feature_engineering | Saved: fe_plots\Experience Category vs Placement Probability.png
2026-02-15 19:41:28,488 | INFO | src.features.feature_engineering | Saved: fe_plots\Academic Performance vs Placement Probability.png
2026-02-15 19:41:28,624 | INFO | src.features.feature_engineering | Saved: fe_plots\Skills match level.png
2026-02-15 19:41:28,756 | INFO | src.features.feature_engineering | Saved: fe_plots\Interview performance category.png
2026-02-15 19:41:28,757 | INFO | src.data.feature_scaling | Scaling features: ['communication_score', 'technical_score', 'skills_match_percentage', 'interview_score', 'years_of_experience']...
2026-02-15 19:41:28,762 | INFO | src.data.feature_scaling | Feature scaling completed
2026-02-15 19:41:29,323 | INFO | src.features.feature_engineering | Saved: fe_plots\Placement Probability Score.png
2026-02-15 19:41:29,324 | INFO | src.features.feature_engineering | Feature engineering completed successfully
2026-02-15 19:41:29,365 | INFO | src.data.split | Splitting data into train and test sets
2026-02-15 19:41:29,389 | INFO | src.data.split | Split completed: Train={X_train.shape}, Test={X_test.shape}
2026-02-15 19:41:30,018 | INFO | src.data.split | Train data saved at data/processed/processed_dataset.csv\train_raw.csv
2026-02-15 19:41:30,019 | INFO | src.data.split | Test data saved at data/processed/processed_dataset.csv\test_raw.csv
2026-02-15 19:41:30,021 | INFO | src.models.train | Training LogisticRegression
2026-02-15 19:41:32,642 | INFO | src.models.evaluate | Evaluating model: LogisticRegression
2026-02-15 19:41:32,653 | INFO | src.models.evaluate | LogisticRegression Accuracy: 0.8736
2026-02-15 19:41:32,654 | INFO | src.models.evaluate | LogisticRegression F1 Score: 0.8722
2026-02-15 19:41:32,656 | INFO | src.models.train | Training decision tree
2026-02-15 19:41:33,184 | INFO | src.models.evaluate | Evaluating model: decision tree
2026-02-15 19:41:33,194 | INFO | src.models.evaluate | decision tree Accuracy: 0.8377
2026-02-15 19:41:33,194 | INFO | src.models.evaluate | decision tree F1 Score: 0.8383
2026-02-15 19:41:33,196 | INFO | src.models.train | Training RandomForest
2026-02-15 19:41:46,690 | INFO | src.models.evaluate | Evaluating model: RandomForest
2026-02-15 19:41:46,708 | INFO | src.models.evaluate | RandomForest Accuracy: 0.8948
2026-02-15 19:41:46,709 | INFO | src.models.evaluate | RandomForest F1 Score: 0.8915
2026-02-15 19:41:46,715 | INFO | src.models.train | Training knn
2026-02-15 19:41:49,290 | INFO | src.models.evaluate | Evaluating model: knn
2026-02-15 19:41:49,301 | INFO | src.models.evaluate | knn Accuracy: 0.7335
2026-02-15 19:41:49,302 | INFO | src.models.evaluate | knn F1 Score: 0.7305
2026-02-15 19:41:49,304 | INFO | src.models.train | Best model: RandomForest with F1: 0.8915
2026-02-15 19:44:47,158 | INFO | src.models.train | Best RF params: {'max_depth': 20, 'max_features': 'sqrt', 'min_samples_split': 2, 'n_estimators': 300}, CV accuracy: 0.8982
2026-02-15 19:45:06,551 | INFO | src.models.evaluate | Evaluating model: RandomForest_Final
2026-02-15 19:45:06,561 | INFO | src.models.evaluate | RandomForest_Final Accuracy: 0.8953
2026-02-15 19:45:06,561 | INFO | src.models.evaluate | RandomForest_Final F1 Score: 0.8927
2026-02-15 19:45:06,565 | INFO | src.visuals.plots | Generating confusion matrix
2026-02-15 19:45:06,737 | INFO | src.visuals.plots | Saved: artifacts/reports/confusion_matrix.png\Confusion Matrix.png
2026-02-15 19:45:06,737 | INFO | src.visuals.plots | Confusion matrix saved at artifacts/reports/confusion_matrix.png
2026-02-15 19:45:08,903 | INFO | src.models.train | Train Accuracy: 0.9999, Test Accuracy: 0.8953
2026-02-15 19:45:08,948 | INFO | src.models.train | Top features:
                    feature  importance
5           technical_score    0.261508
11      years_of_experience    0.117966
8   skills_match_percentage    0.084994
13         expected_ctc_lpa    0.059392
7       communication_score    0.042751
12         previous_ctc_lpa    0.041931
6            aptitude_score    0.030493
4         degree_percentage    0.029341
3            hsc_percentage    0.028948
2            ssc_percentage    0.028803
2026-02-15 19:45:09,133 | INFO | src.models.train | Final RandomForest model saved at artifacts/models/final_random_forest_model.pkl
2026-02-15 19:45:09,135 | INFO | src.models.train | Saved REQUIRED_COLUMNS for inference at artifacts/required_columns.pkl
2026-02-15 19:49:20,392 | INFO | __main__ | ML Pipeline started
2026-02-15 19:49:20,395 | INFO | src.data.data_load | Loading data from data/raw/HR_Job_Placement_Dataset.csv
2026-02-15 19:49:20,539 | INFO | src.data.data_load | Data loaded successfully from data/raw/HR_Job_Placement_Dataset.csv, shape: (51500, 26)
2026-02-15 19:49:20,540 | INFO | src.data.data_cleaning | starting data cleaning process....
2026-02-15 19:49:20,678 | INFO | src.data.data_cleaning | Data cleaning completed
2026-02-15 19:49:20,678 | INFO | src.data.data_preprocess | Starting data preprocessing (encoding)....
2026-02-15 19:49:20,733 | INFO | src.data.data_preprocess | Data preprocessing (encoding) completed
2026-02-15 19:49:20,736 | INFO | eda.eda | Starting EDA...
2026-02-15 19:49:20,924 | INFO | matplotlib.category | Using categorical units to plot a list of strings that are all parsable as floats or dates. If these strings should be plotted as numbers, cast to the appropriate data type before plotting.
2026-02-15 19:49:20,947 | INFO | matplotlib.category | Using categorical units to plot a list of strings that are all parsable as floats or dates. If these strings should be plotted as numbers, cast to the appropriate data type before plotting.
2026-02-15 19:49:21,044 | INFO | eda.eda | Saved: eda_plots\Interview score vs job acceptance.png
2026-02-15 19:49:21,158 | INFO | matplotlib.category | Using categorical units to plot a list of strings that are all parsable as floats or dates. If these strings should be plotted as numbers, cast to the appropriate data type before plotting.
2026-02-15 19:49:21,183 | INFO | matplotlib.category | Using categorical units to plot a list of strings that are all parsable as floats or dates. If these strings should be plotted as numbers, cast to the appropriate data type before plotting.
2026-02-15 19:49:21,246 | INFO | eda.eda | Saved: eda_plots\Skills Match Percentage vs Job Placement.png
2026-02-15 19:49:21,411 | INFO | eda.eda | Saved: eda_plots\Acceptance Rate by Company Tier.png
2026-02-15 19:49:21,547 | INFO | eda.eda | Saved: eda_plots\Placement Probability vs Years of Experience.png
2026-02-15 19:49:21,699 | INFO | eda.eda | Saved: eda_plots\Competition level vs job acceptance.png
2026-02-15 19:49:23,725 | INFO | eda.eda | Saved: eda_plots\Correlation Matrix of Numeric Features.png
2026-02-15 19:49:23,726 | INFO | eda.eda | EDA analysis completed successfully
2026-02-15 19:49:23,727 | INFO | src.features.feature_engineering | Starting feature engineering...
2026-02-15 19:49:24,247 | INFO | src.features.feature_engineering | Saved: fe_plots\Experience Category vs Placement Probability.png
2026-02-15 19:49:24,802 | INFO | src.features.feature_engineering | Saved: fe_plots\Academic Performance vs Placement Probability.png
2026-02-15 19:49:24,938 | INFO | src.features.feature_engineering | Saved: fe_plots\Skills match level.png
2026-02-15 19:49:25,072 | INFO | src.features.feature_engineering | Saved: fe_plots\Interview performance category.png
2026-02-15 19:49:25,072 | INFO | src.data.feature_scaling | Scaling features: ['communication_score', 'technical_score', 'skills_match_percentage', 'interview_score', 'years_of_experience']...
2026-02-15 19:49:25,077 | INFO | src.data.feature_scaling | Feature scaling completed
2026-02-15 19:49:25,624 | INFO | src.features.feature_engineering | Saved: fe_plots\Placement Probability Score.png
2026-02-15 19:49:25,624 | INFO | src.features.feature_engineering | Feature engineering completed successfully
2026-02-15 19:49:25,664 | INFO | src.data.split | Splitting data into train and test sets
2026-02-15 19:49:25,687 | INFO | src.data.split | Split completed: Train={X_train.shape}, Test={X_test.shape}
2026-02-15 19:49:26,334 | INFO | src.data.split | Train data saved at data/processed/processed_dataset.csv\train_raw.csv
2026-02-15 19:49:26,335 | INFO | src.data.split | Test data saved at data/processed/processed_dataset.csv\test_raw.csv
2026-02-15 19:49:26,336 | INFO | src.models.train | Training LogisticRegression
2026-02-15 19:49:29,028 | INFO | src.models.evaluate | Evaluating model: LogisticRegression
2026-02-15 19:49:29,038 | INFO | src.models.evaluate | LogisticRegression Accuracy: 0.8736
2026-02-15 19:49:29,039 | INFO | src.models.evaluate | LogisticRegression F1 Score: 0.8722
2026-02-15 19:49:29,041 | INFO | src.models.train | Training decision tree
2026-02-15 19:49:29,578 | INFO | src.models.evaluate | Evaluating model: decision tree
2026-02-15 19:49:29,592 | INFO | src.models.evaluate | decision tree Accuracy: 0.8377
2026-02-15 19:49:29,592 | INFO | src.models.evaluate | decision tree F1 Score: 0.8383
2026-02-15 19:49:29,596 | INFO | src.models.train | Training RandomForest
2026-02-15 19:49:42,780 | INFO | src.models.evaluate | Evaluating model: RandomForest
2026-02-15 19:49:42,791 | INFO | src.models.evaluate | RandomForest Accuracy: 0.8948
2026-02-15 19:49:42,791 | INFO | src.models.evaluate | RandomForest F1 Score: 0.8915
2026-02-15 19:49:42,793 | INFO | src.models.train | Training knn
2026-02-15 19:49:44,861 | INFO | src.models.evaluate | Evaluating model: knn
2026-02-15 19:49:44,874 | INFO | src.models.evaluate | knn Accuracy: 0.7335
2026-02-15 19:49:44,875 | INFO | src.models.evaluate | knn F1 Score: 0.7305
2026-02-15 19:49:44,877 | INFO | src.models.train | Best model: RandomForest with F1: 0.8915
2026-02-15 19:52:43,862 | INFO | src.models.train | Best RF params: {'max_depth': 20, 'max_features': 'sqrt', 'min_samples_split': 2, 'n_estimators': 300}, CV accuracy: 0.8982
2026-02-15 19:53:03,402 | INFO | src.models.evaluate | Evaluating model: RandomForest_Final
2026-02-15 19:53:03,414 | INFO | src.models.evaluate | RandomForest_Final Accuracy: 0.8953
2026-02-15 19:53:03,414 | INFO | src.models.evaluate | RandomForest_Final F1 Score: 0.8927
2026-02-15 19:53:03,417 | INFO | src.visuals.plots | Generating confusion matrix
2026-02-15 19:53:03,596 | INFO | src.visuals.plots | Saved: artifacts/reports/confusion_matrix.png\Confusion Matrix.png
2026-02-15 19:53:03,596 | INFO | src.visuals.plots | Confusion matrix saved at artifacts/reports/confusion_matrix.png
2026-02-15 19:53:05,788 | INFO | src.models.train | Train Accuracy: 0.9999, Test Accuracy: 0.8953
2026-02-15 19:53:05,830 | INFO | src.models.train | Top features:
                    feature  importance
5           technical_score    0.261508
11      years_of_experience    0.117966
8   skills_match_percentage    0.084994
13         expected_ctc_lpa    0.059392
7       communication_score    0.042751
12         previous_ctc_lpa    0.041931
6            aptitude_score    0.030493
4         degree_percentage    0.029341
3            hsc_percentage    0.028948
2            ssc_percentage    0.028803
2026-02-15 19:53:06,030 | INFO | src.models.train | Final RandomForest model saved at artifacts/models/final_random_forest_model.pkl
2026-02-15 19:53:06,032 | INFO | src.models.train | Saved REQUIRED_COLUMNS for inference at artifacts/required_columns.pkl
2026-02-15 19:53:06,061 | INFO | __main__ | Training completed. Best Model: RandomForestClassifier
2026-02-15 20:44:06,323 | INFO | __main__ | ML Pipeline started
2026-02-15 20:44:06,325 | INFO | src.data.data_load | Loading data from data/raw/HR_Job_Placement_Dataset.csv
2026-02-15 20:44:06,464 | INFO | src.data.data_load | Data loaded successfully from data/raw/HR_Job_Placement_Dataset.csv, shape: (51500, 26)
2026-02-15 20:44:06,464 | INFO | src.data.data_cleaning | starting data cleaning process....
2026-02-15 20:44:06,599 | INFO | src.data.data_cleaning | Data cleaning completed
2026-02-15 20:44:06,600 | INFO | src.data.data_preprocess | Starting data preprocessing (encoding)....
2026-02-15 20:44:06,656 | INFO | src.data.data_preprocess | Data preprocessing (encoding) completed
2026-02-15 20:44:06,660 | INFO | eda.eda | Starting EDA...
2026-02-15 20:44:06,852 | INFO | matplotlib.category | Using categorical units to plot a list of strings that are all parsable as floats or dates. If these strings should be plotted as numbers, cast to the appropriate data type before plotting.
2026-02-15 20:44:06,877 | INFO | matplotlib.category | Using categorical units to plot a list of strings that are all parsable as floats or dates. If these strings should be plotted as numbers, cast to the appropriate data type before plotting.
2026-02-15 20:44:06,970 | INFO | eda.eda | Saved: eda_plots\Interview score vs job acceptance.png
2026-02-15 20:44:07,109 | INFO | matplotlib.category | Using categorical units to plot a list of strings that are all parsable as floats or dates. If these strings should be plotted as numbers, cast to the appropriate data type before plotting.
2026-02-15 20:44:07,133 | INFO | matplotlib.category | Using categorical units to plot a list of strings that are all parsable as floats or dates. If these strings should be plotted as numbers, cast to the appropriate data type before plotting.
2026-02-15 20:44:07,199 | INFO | eda.eda | Saved: eda_plots\Skills Match Percentage vs Job Placement.png
2026-02-15 20:44:07,369 | INFO | eda.eda | Saved: eda_plots\Acceptance Rate by Company Tier.png
2026-02-15 20:44:07,506 | INFO | eda.eda | Saved: eda_plots\Placement Probability vs Years of Experience.png
2026-02-15 20:44:07,672 | INFO | eda.eda | Saved: eda_plots\Competition level vs job acceptance.png
2026-02-15 20:44:09,750 | INFO | eda.eda | Saved: eda_plots\Correlation Matrix of Numeric Features.png
2026-02-15 20:44:09,751 | INFO | eda.eda | EDA analysis completed successfully
2026-02-15 20:44:09,752 | INFO | src.features.feature_engineering | Starting feature engineering...
2026-02-15 20:44:10,310 | INFO | src.features.feature_engineering | Saved: fe_plots\Experience Category vs Placement Probability.png
2026-02-15 20:44:11,193 | INFO | src.features.feature_engineering | Saved: fe_plots\Academic Performance vs Placement Probability.png
2026-02-15 20:44:11,381 | INFO | src.features.feature_engineering | Saved: fe_plots\Skills match level.png
2026-02-15 20:44:11,539 | INFO | src.features.feature_engineering | Saved: fe_plots\Interview performance category.png
2026-02-15 20:44:11,540 | INFO | src.data.feature_scaling | Scaling features: ['communication_score', 'technical_score', 'skills_match_percentage', 'interview_score', 'years_of_experience']...
2026-02-15 20:44:11,546 | INFO | src.data.feature_scaling | Feature scaling completed
2026-02-15 20:44:12,574 | INFO | src.features.feature_engineering | Saved: fe_plots\Placement Probability Score.png
2026-02-15 20:44:12,575 | INFO | src.features.feature_engineering | Feature engineering completed successfully
2026-02-15 20:44:12,670 | INFO | src.data.split | Splitting data into train and test sets
2026-02-15 20:44:12,720 | INFO | src.data.split | Split completed: Train={X_train.shape}, Test={X_test.shape}
2026-02-15 20:44:14,592 | INFO | src.data.split | Train data saved at data/processed/processed_dataset.csv\train_raw.csv
2026-02-15 20:44:14,593 | INFO | src.data.split | Test data saved at data/processed/processed_dataset.csv\test_raw.csv
2026-02-15 20:44:14,600 | INFO | src.models.train | Training LogisticRegression
2026-02-15 20:44:19,745 | INFO | src.models.evaluate | Evaluating model: LogisticRegression
2026-02-15 20:44:19,763 | INFO | src.models.evaluate | LogisticRegression Accuracy: 0.8736
2026-02-15 20:44:19,763 | INFO | src.models.evaluate | LogisticRegression F1 Score: 0.8722
2026-02-15 20:44:19,765 | INFO | src.models.train | Training decision tree
2026-02-15 20:44:20,378 | INFO | src.models.evaluate | Evaluating model: decision tree
2026-02-15 20:44:20,390 | INFO | src.models.evaluate | decision tree Accuracy: 0.8377
2026-02-15 20:44:20,391 | INFO | src.models.evaluate | decision tree F1 Score: 0.8383
2026-02-15 20:44:20,393 | INFO | src.models.train | Training RandomForest
2026-02-15 20:44:34,097 | INFO | src.models.evaluate | Evaluating model: RandomForest
2026-02-15 20:44:34,107 | INFO | src.models.evaluate | RandomForest Accuracy: 0.8948
2026-02-15 20:44:34,107 | INFO | src.models.evaluate | RandomForest F1 Score: 0.8915
2026-02-15 20:44:34,110 | INFO | src.models.train | Training knn
2026-02-15 20:44:36,841 | INFO | src.models.evaluate | Evaluating model: knn
2026-02-15 20:44:36,859 | INFO | src.models.evaluate | knn Accuracy: 0.7335
2026-02-15 20:44:36,859 | INFO | src.models.evaluate | knn F1 Score: 0.7305
2026-02-15 20:44:36,862 | INFO | src.models.train | Best model: RandomForest with F1: 0.8915
2026-02-15 21:16:54,071 | INFO | __main__ | ML Pipeline started
2026-02-15 21:16:54,087 | INFO | src.data.data_load | Loading data from data/raw/HR_Job_Placement_Dataset.csv
2026-02-15 21:16:54,254 | INFO | src.data.data_load | Data loaded successfully from data/raw/HR_Job_Placement_Dataset.csv, shape: (51500, 26)
2026-02-15 21:16:54,254 | INFO | src.data.data_cleaning | starting data cleaning process....
2026-02-15 21:16:54,392 | INFO | src.data.data_cleaning | Data cleaning completed
2026-02-15 21:16:54,393 | INFO | src.data.data_preprocess | Starting data preprocessing (encoding)....
2026-02-15 21:16:54,443 | INFO | src.data.data_preprocess | Data preprocessing (encoding) completed
2026-02-15 21:16:54,446 | INFO | eda.eda | Starting EDA...
2026-02-15 21:16:55,555 | INFO | matplotlib.category | Using categorical units to plot a list of strings that are all parsable as floats or dates. If these strings should be plotted as numbers, cast to the appropriate data type before plotting.
2026-02-15 21:16:55,581 | INFO | matplotlib.category | Using categorical units to plot a list of strings that are all parsable as floats or dates. If these strings should be plotted as numbers, cast to the appropriate data type before plotting.
2026-02-15 21:16:55,661 | INFO | eda.eda | Saved: eda_plots\Interview score vs job acceptance.png
2026-02-15 21:16:55,748 | INFO | matplotlib.category | Using categorical units to plot a list of strings that are all parsable as floats or dates. If these strings should be plotted as numbers, cast to the appropriate data type before plotting.
2026-02-15 21:16:55,772 | INFO | matplotlib.category | Using categorical units to plot a list of strings that are all parsable as floats or dates. If these strings should be plotted as numbers, cast to the appropriate data type before plotting.
2026-02-15 21:16:55,830 | INFO | eda.eda | Saved: eda_plots\Skills Match Percentage vs Job Placement.png
2026-02-15 21:16:55,971 | INFO | eda.eda | Saved: eda_plots\Acceptance Rate by Company Tier.png
2026-02-15 21:16:56,092 | INFO | eda.eda | Saved: eda_plots\Placement Probability vs Years of Experience.png
2026-02-15 21:16:56,227 | INFO | eda.eda | Saved: eda_plots\Competition level vs job acceptance.png
2026-02-15 21:16:57,997 | INFO | eda.eda | Saved: eda_plots\Correlation Matrix of Numeric Features.png
2026-02-15 21:16:57,998 | INFO | eda.eda | EDA analysis completed successfully
2026-02-15 21:16:57,999 | INFO | src.features.feature_engineering | Starting feature engineering...
2026-02-15 21:16:58,489 | INFO | src.features.feature_engineering | Saved: fe_plots\Experience Category vs Placement Probability.png
2026-02-15 21:16:58,972 | INFO | src.features.feature_engineering | Saved: fe_plots\Academic Performance vs Placement Probability.png
2026-02-15 21:16:59,089 | INFO | src.features.feature_engineering | Saved: fe_plots\Skills match level.png
2026-02-15 21:16:59,205 | INFO | src.features.feature_engineering | Saved: fe_plots\Interview performance category.png
2026-02-15 21:16:59,205 | INFO | src.data.feature_scaling | Scaling features: ['communication_score', 'technical_score', 'skills_match_percentage', 'interview_score', 'years_of_experience']...
2026-02-15 21:16:59,212 | INFO | src.data.feature_scaling | Feature scaling completed
2026-02-15 21:16:59,675 | INFO | src.features.feature_engineering | Saved: fe_plots\Placement Probability Score.png
2026-02-15 21:16:59,675 | INFO | src.features.feature_engineering | Feature engineering completed successfully
2026-02-15 21:16:59,708 | INFO | src.data.split | Splitting data into train and test sets
2026-02-15 21:16:59,733 | INFO | src.data.split | Split completed: Train={X_train.shape}, Test={X_test.shape}
2026-02-15 21:17:00,264 | INFO | src.data.split | Train data saved at data/processed/processed_dataset.csv\train_raw.csv
2026-02-15 21:17:00,265 | INFO | src.data.split | Test data saved at data/processed/processed_dataset.csv\test_raw.csv
2026-02-15 21:17:00,266 | INFO | src.models.train | Training LogisticRegression
2026-02-15 21:17:02,554 | INFO | src.models.evaluate | Evaluating model: LogisticRegression
2026-02-15 21:17:02,566 | INFO | src.models.evaluate | LogisticRegression Accuracy: 0.8736
2026-02-15 21:17:02,566 | INFO | src.models.evaluate | LogisticRegression F1 Score: 0.8722
2026-02-15 21:17:02,568 | INFO | src.models.train | Training decision tree
2026-02-15 21:17:03,094 | INFO | src.models.evaluate | Evaluating model: decision tree
2026-02-15 21:17:03,104 | INFO | src.models.evaluate | decision tree Accuracy: 0.8377
2026-02-15 21:17:03,104 | INFO | src.models.evaluate | decision tree F1 Score: 0.8383
2026-02-15 21:17:03,106 | INFO | src.models.train | Training RandomForest
2026-02-15 21:17:19,895 | INFO | src.models.evaluate | Evaluating model: RandomForest
2026-02-15 21:17:19,911 | INFO | src.models.evaluate | RandomForest Accuracy: 0.8948
2026-02-15 21:17:19,911 | INFO | src.models.evaluate | RandomForest F1 Score: 0.8915
2026-02-15 21:17:19,914 | INFO | src.models.train | Training knn
2026-02-15 21:17:23,345 | INFO | src.models.evaluate | Evaluating model: knn
2026-02-15 21:17:23,365 | INFO | src.models.evaluate | knn Accuracy: 0.7335
2026-02-15 21:17:23,365 | INFO | src.models.evaluate | knn F1 Score: 0.7305
2026-02-15 21:17:23,367 | INFO | src.models.train | Best model: RandomForest with F1: 0.8915
2026-02-15 21:19:34,354 | INFO | src.models.train | Best RF params: {'max_depth': 20, 'max_features': 'sqrt', 'min_samples_split': 2, 'n_estimators': 300}, CV accuracy: 0.8982
2026-02-15 21:19:51,097 | INFO | src.models.evaluate | Evaluating model: RandomForest_Final
2026-02-15 21:19:51,107 | INFO | src.models.evaluate | RandomForest_Final Accuracy: 0.8953
2026-02-15 21:19:51,107 | INFO | src.models.evaluate | RandomForest_Final F1 Score: 0.8927
2026-02-15 21:19:51,108 | INFO | src.visuals.plots | Generating confusion matrix
2026-02-15 21:19:51,269 | INFO | src.visuals.plots | Saved: artifacts/reports/confusion_matrix.png\Confusion Matrix.png
2026-02-15 21:19:51,270 | INFO | src.visuals.plots | Confusion matrix saved at artifacts/reports/confusion_matrix.png
2026-02-15 21:19:53,076 | INFO | src.models.train | Train Accuracy: 0.9999, Test Accuracy: 0.8953
2026-02-15 21:19:53,115 | INFO | src.models.train | Top features:
                    feature  importance
5           technical_score    0.261508
11      years_of_experience    0.117966
8   skills_match_percentage    0.084994
13         expected_ctc_lpa    0.059392
7       communication_score    0.042751
12         previous_ctc_lpa    0.041931
6            aptitude_score    0.030493
4         degree_percentage    0.029341
3            hsc_percentage    0.028948
2            ssc_percentage    0.028803
2026-02-15 21:19:53,300 | INFO | src.models.train | Final RandomForest model saved at artifacts/models/final_random_forest_model.pkl
2026-02-15 21:19:53,302 | INFO | src.models.train | Saved REQUIRED_COLUMNS for inference at artifacts/required_columns.pkl
2026-02-15 21:19:53,324 | INFO | __main__ | Training completed. Best Model: RandomForestClassifier
2026-02-16 00:59:06,998 | INFO | __main__ | ML Pipeline started
2026-02-16 00:59:07,000 | INFO | src.data.data_load | Loading data from data/raw/HR_Job_Placement_Dataset.csv
2026-02-16 00:59:07,157 | INFO | src.data.data_load | Data loaded successfully from data/raw/HR_Job_Placement_Dataset.csv, shape: (51500, 26)
2026-02-16 00:59:07,158 | INFO | src.data.data_cleaning | starting data cleaning process....
2026-02-16 00:59:07,284 | INFO | src.data.data_cleaning | Data cleaning completed
2026-02-16 00:59:07,285 | INFO | src.data.data_preprocess | Starting data preprocessing (encoding)....
2026-02-16 00:59:07,346 | INFO | src.data.data_preprocess | Data preprocessing (encoding) completed
2026-02-16 00:59:07,350 | INFO | eda.eda | Starting EDA...
2026-02-16 00:59:07,540 | INFO | matplotlib.category | Using categorical units to plot a list of strings that are all parsable as floats or dates. If these strings should be plotted as numbers, cast to the appropriate data type before plotting.
2026-02-16 00:59:07,567 | INFO | matplotlib.category | Using categorical units to plot a list of strings that are all parsable as floats or dates. If these strings should be plotted as numbers, cast to the appropriate data type before plotting.
2026-02-16 00:59:07,655 | INFO | eda.eda | Saved: eda_plots\Interview score vs job acceptance.png
2026-02-16 00:59:07,767 | INFO | matplotlib.category | Using categorical units to plot a list of strings that are all parsable as floats or dates. If these strings should be plotted as numbers, cast to the appropriate data type before plotting.
2026-02-16 00:59:07,790 | INFO | matplotlib.category | Using categorical units to plot a list of strings that are all parsable as floats or dates. If these strings should be plotted as numbers, cast to the appropriate data type before plotting.
2026-02-16 00:59:07,862 | INFO | eda.eda | Saved: eda_plots\Skills Match Percentage vs Job Placement.png
2026-02-16 00:59:08,022 | INFO | eda.eda | Saved: eda_plots\Acceptance Rate by Company Tier.png
2026-02-16 00:59:08,148 | INFO | eda.eda | Saved: eda_plots\Placement Probability vs Years of Experience.png
2026-02-16 00:59:08,311 | INFO | eda.eda | Saved: eda_plots\Competition level vs job acceptance.png
2026-02-16 00:59:10,403 | INFO | eda.eda | Saved: eda_plots\Correlation Matrix of Numeric Features.png
2026-02-16 00:59:10,404 | INFO | eda.eda | EDA analysis completed successfully
2026-02-16 00:59:10,405 | INFO | src.features.feature_engineering | Starting feature engineering...
2026-02-16 00:59:10,978 | INFO | src.features.feature_engineering | Saved: fe_plots\Experience Category vs Placement Probability.png
2026-02-16 00:59:11,640 | INFO | src.features.feature_engineering | Saved: fe_plots\Academic Performance vs Placement Probability.png
2026-02-16 00:59:11,775 | INFO | src.features.feature_engineering | Saved: fe_plots\Skills match level.png
2026-02-16 00:59:11,908 | INFO | src.features.feature_engineering | Saved: fe_plots\Interview performance category.png
2026-02-16 00:59:11,909 | INFO | src.data.feature_scaling | Scaling features: ['communication_score', 'technical_score', 'skills_match_percentage', 'interview_score', 'years_of_experience']...
2026-02-16 00:59:11,915 | INFO | src.data.feature_scaling | Feature scaling completed
2026-02-16 00:59:12,443 | INFO | src.features.feature_engineering | Saved: fe_plots\Placement Probability Score.png
2026-02-16 00:59:12,443 | INFO | src.features.feature_engineering | Feature engineering completed successfully
2026-02-16 00:59:12,499 | INFO | src.data.split | Splitting data into train and test sets
2026-02-16 00:59:12,537 | INFO | src.data.split | Split completed: Train=(40099, 45), Test=(10025, 45)
2026-02-16 00:59:13,149 | INFO | src.data.split | Train data saved at data/processed/processed_dataset.csv\train_raw.csv
2026-02-16 00:59:13,150 | INFO | src.data.split | Test data saved at data/processed/processed_dataset.csv\test_raw.csv
2026-02-16 00:59:13,153 | INFO | src.models.train | Training LogisticRegression
2026-02-16 00:59:15,948 | INFO | src.models.evaluate | Evaluating model: LogisticRegression
2026-02-16 00:59:15,960 | INFO | src.models.evaluate | LogisticRegression Accuracy: 0.8736
2026-02-16 00:59:15,960 | INFO | src.models.evaluate | LogisticRegression F1 Score: 0.8722
2026-02-16 01:00:00,092 | INFO | __main__ | ML Pipeline started
2026-02-16 01:00:00,095 | INFO | src.data.data_load | Loading data from data/raw/HR_Job_Placement_Dataset.csv
2026-02-16 01:00:00,258 | INFO | src.data.data_load | Data loaded successfully from data/raw/HR_Job_Placement_Dataset.csv, shape: (51500, 26)
2026-02-16 01:00:00,258 | INFO | src.data.data_cleaning | starting data cleaning process....
2026-02-16 01:00:00,387 | INFO | src.data.data_cleaning | Data cleaning completed
2026-02-16 01:00:00,388 | INFO | src.data.data_preprocess | Starting data preprocessing (encoding)....
2026-02-16 01:00:00,440 | INFO | src.data.data_preprocess | Data preprocessing (encoding) completed
2026-02-16 01:00:00,443 | INFO | eda.eda | Starting EDA...
2026-02-16 01:00:00,624 | INFO | matplotlib.category | Using categorical units to plot a list of strings that are all parsable as floats or dates. If these strings should be plotted as numbers, cast to the appropriate data type before plotting.
2026-02-16 01:00:00,647 | INFO | matplotlib.category | Using categorical units to plot a list of strings that are all parsable as floats or dates. If these strings should be plotted as numbers, cast to the appropriate data type before plotting.
2026-02-16 01:00:00,734 | INFO | eda.eda | Saved: eda_plots\Interview score vs job acceptance.png
2026-02-16 01:00:00,854 | INFO | matplotlib.category | Using categorical units to plot a list of strings that are all parsable as floats or dates. If these strings should be plotted as numbers, cast to the appropriate data type before plotting.
2026-02-16 01:00:00,877 | INFO | matplotlib.category | Using categorical units to plot a list of strings that are all parsable as floats or dates. If these strings should be plotted as numbers, cast to the appropriate data type before plotting.
2026-02-16 01:00:00,947 | INFO | eda.eda | Saved: eda_plots\Skills Match Percentage vs Job Placement.png
2026-02-16 01:00:01,113 | INFO | eda.eda | Saved: eda_plots\Acceptance Rate by Company Tier.png
2026-02-16 01:00:01,253 | INFO | eda.eda | Saved: eda_plots\Placement Probability vs Years of Experience.png
2026-02-16 01:00:01,411 | INFO | eda.eda | Saved: eda_plots\Competition level vs job acceptance.png
2026-02-16 01:00:03,462 | INFO | eda.eda | Saved: eda_plots\Correlation Matrix of Numeric Features.png
2026-02-16 01:00:03,462 | INFO | eda.eda | EDA analysis completed successfully
2026-02-16 01:00:03,463 | INFO | src.features.feature_engineering | Starting feature engineering...
2026-02-16 01:00:04,057 | INFO | src.features.feature_engineering | Saved: fe_plots\Experience Category vs Placement Probability.png
2026-02-16 01:00:04,676 | INFO | src.features.feature_engineering | Saved: fe_plots\Academic Performance vs Placement Probability.png
2026-02-16 01:00:04,805 | INFO | src.features.feature_engineering | Saved: fe_plots\Skills match level.png
2026-02-16 01:00:04,933 | INFO | src.features.feature_engineering | Saved: fe_plots\Interview performance category.png
2026-02-16 01:00:04,934 | INFO | src.data.feature_scaling | Scaling features: ['communication_score', 'technical_score', 'skills_match_percentage', 'interview_score', 'years_of_experience']...
2026-02-16 01:00:04,939 | INFO | src.data.feature_scaling | Feature scaling completed
2026-02-16 01:00:05,463 | INFO | src.features.feature_engineering | Saved: fe_plots\Placement Probability Score.png
2026-02-16 01:00:05,464 | INFO | src.features.feature_engineering | Feature engineering completed successfully
2026-02-16 01:00:05,500 | INFO | src.data.split | Splitting data into train and test sets
2026-02-16 01:00:05,525 | INFO | src.data.split | Split completed: Train=(40099, 45), Test=(10025, 45)
2026-02-16 01:00:06,141 | INFO | src.data.split | Train data saved at data/processed/processed_dataset.csv\train_raw.csv
2026-02-16 01:00:06,141 | INFO | src.data.split | Test data saved at data/processed/processed_dataset.csv\test_raw.csv
2026-02-16 01:00:06,143 | INFO | src.models.train | Training LogisticRegression
2026-02-16 01:00:08,884 | INFO | src.models.evaluate | Evaluating model: LogisticRegression
2026-02-16 01:00:08,896 | INFO | src.models.evaluate | LogisticRegression Accuracy: 0.8736
2026-02-16 01:00:08,896 | INFO | src.models.evaluate | LogisticRegression F1 Score: 0.8722
2026-02-16 01:00:08,896 | INFO | src.models.evaluate | LogisticRegression report: {'0': {'precision': 0.8977649006622517, 'recall': 0.9252097255794114, 'f1-score': 0.9112807226384707, 'support': 7033.0}, '1': {'precision': 0.810586964350018, 'recall': 0.7523395721925134, 'f1-score': 0.7803778817819379, 'support': 2992.0}, 'accuracy': 0.8736159600997506, 'macro avg': {'precision': 0.8541759325061349, 'recall': 0.8387746488859624, 'f1-score': 0.8458293022102044, 'support': 10025.0}, 'weighted avg': {'precision': 0.8717463085977925, 'recall': 0.8736159600997506, 'f1-score': 0.8722122638012889, 'support': 10025.0}}
2026-02-16 01:00:08,898 | INFO | src.models.train | Training decision tree
2026-02-16 01:00:09,465 | INFO | src.models.evaluate | Evaluating model: decision tree
2026-02-16 01:00:09,474 | INFO | src.models.evaluate | decision tree Accuracy: 0.8377
2026-02-16 01:00:09,475 | INFO | src.models.evaluate | decision tree F1 Score: 0.8383
2026-02-16 01:00:09,475 | INFO | src.models.evaluate | decision tree report: {'0': {'precision': 0.8884736993388905, 'recall': 0.8789990046921655, 'f1-score': 0.8837109570438139, 'support': 7033.0}, '1': {'precision': 0.7225301597652429, 'recall': 0.7406417112299465, 'f1-score': 0.7314738405677504, 'support': 2992.0}, 'accuracy': 0.8377057356608478, 'macro avg': {'precision': 0.8055019295520667, 'recall': 0.809820357961056, 'f1-score': 0.8075923988057822, 'support': 10025.0}, 'weighted avg': {'precision': 0.8389472085254885, 'recall': 0.8377057356608478, 'f1-score': 0.8382752011838257, 'support': 10025.0}}
2026-02-16 01:00:09,477 | INFO | src.models.train | Training RandomForest
2026-02-16 01:00:22,881 | INFO | src.models.evaluate | Evaluating model: RandomForest
2026-02-16 01:00:22,891 | INFO | src.models.evaluate | RandomForest Accuracy: 0.8948
2026-02-16 01:00:22,892 | INFO | src.models.evaluate | RandomForest F1 Score: 0.8915
2026-02-16 01:00:22,892 | INFO | src.models.evaluate | RandomForest report: {'0': {'precision': 0.8950568332011631, 'recall': 0.9628892364567041, 'f1-score': 0.9277347763545448, 'support': 7033.0}, '1': {'precision': 0.8938592923952826, 'recall': 0.7346256684491979, 'f1-score': 0.8064575307283067, 'support': 2992.0}, 'accuracy': 0.8947630922693267, 'macro avg': {'precision': 0.8944580627982228, 'recall': 0.848757452452951, 'f1-score': 0.8670961535414258, 'support': 10025.0}, 'weighted avg': {'precision': 0.8946994225187497, 'recall': 0.8947630922693267, 'f1-score': 0.8915391136200107, 'support': 10025.0}}
2026-02-16 01:00:22,895 | INFO | src.models.train | Training knn
2026-02-16 01:00:26,833 | INFO | src.models.evaluate | Evaluating model: knn
2026-02-16 01:00:26,849 | INFO | src.models.evaluate | knn Accuracy: 0.7335
2026-02-16 01:00:26,850 | INFO | src.models.evaluate | knn F1 Score: 0.7305
2026-02-16 01:00:26,851 | INFO | src.models.evaluate | knn report: {'0': {'precision': 0.8008001103600496, 'recall': 0.8253945684629603, 'f1-score': 0.8129113569528077, 'support': 7033.0}, '1': {'precision': 0.5576368876080692, 'recall': 0.517379679144385, 'f1-score': 0.536754507628294, 'support': 2992.0}, 'accuracy': 0.7334663341645885, 'macro avg': {'precision': 0.6792184989840594, 'recall': 0.6713871238036726, 'f1-score': 0.6748329322905509, 'support': 10025.0}, 'weighted avg': {'precision': 0.7282271066220022, 'recall': 0.7334663341645885, 'f1-score': 0.7304912778327135, 'support': 10025.0}}
2026-02-16 01:00:26,854 | INFO | src.models.train | Best model: RandomForest with F1: 0.8915
2026-02-16 01:03:20,742 | INFO | src.models.train | Best RF params: {'max_depth': 20, 'max_features': 'sqrt', 'min_samples_split': 2, 'n_estimators': 300}, CV accuracy: 0.8982
2026-02-16 01:03:39,627 | INFO | src.models.evaluate | Evaluating model: RandomForest_Final
2026-02-16 01:03:39,636 | INFO | src.models.evaluate | RandomForest_Final Accuracy: 0.8953
2026-02-16 01:03:39,637 | INFO | src.models.evaluate | RandomForest_Final F1 Score: 0.8927
2026-02-16 01:03:39,638 | INFO | src.models.evaluate | RandomForest_Final report: {'0': {'precision': 0.8999866292285065, 'recall': 0.9570595762832361, 'f1-score': 0.927646085997795, 'support': 7033.0}, '1': {'precision': 0.8813825608798115, 'recall': 0.75, 'f1-score': 0.8104008667388949, 'support': 2992.0}, 'accuracy': 0.8952618453865336, 'macro avg': {'precision': 0.890684595054159, 'recall': 0.8535297881416181, 'f1-score': 0.8690234763683449, 'support': 10025.0}, 'weighted avg': {'precision': 0.8944341731188512, 'recall': 0.8952618453865336, 'f1-score': 0.8926537971177323, 'support': 10025.0}}
2026-02-16 01:03:39,640 | INFO | src.visuals.plots | Generating confusion matrix
2026-02-16 01:03:39,837 | INFO | src.visuals.plots | Saved: artifacts/reports/confusion_matrix.png\Confusion Matrix.png
2026-02-16 01:03:39,837 | INFO | src.visuals.plots | Confusion matrix saved at artifacts/reports/confusion_matrix.png
2026-02-16 01:03:41,975 | INFO | src.models.train | Train Accuracy: 0.9999, Test Accuracy: 0.8953
2026-02-16 01:03:42,045 | INFO | src.models.train | Top features:
                    feature  importance
5           technical_score    0.261508
11      years_of_experience    0.117966
8   skills_match_percentage    0.084994
13         expected_ctc_lpa    0.059392
7       communication_score    0.042751
12         previous_ctc_lpa    0.041931
6            aptitude_score    0.030493
4         degree_percentage    0.029341
3            hsc_percentage    0.028948
2            ssc_percentage    0.028803
2026-02-16 01:03:42,232 | INFO | src.models.train | Final RandomForest model saved at artifacts/models/final_random_forest_model.pkl
2026-02-16 01:03:42,233 | INFO | src.models.train | Saved REQUIRED_COLUMNS for inference at artifacts/required_columns.pkl
2026-02-16 01:03:42,263 | INFO | __main__ | Training completed. Best Model: RandomForestClassifier
2026-02-16 11:23:17,753 | INFO | __main__ | ML Pipeline started
2026-02-16 11:23:17,756 | INFO | src.data.data_load | Loading data from data/raw/HR_Job_Placement_Dataset.csv
2026-02-16 11:23:17,907 | INFO | src.data.data_load | Data loaded successfully from data/raw/HR_Job_Placement_Dataset.csv, shape: (51500, 26)
2026-02-16 11:23:17,908 | INFO | src.data.data_cleaning | starting data cleaning process....
2026-02-16 11:23:18,034 | INFO | src.data.data_cleaning | Data cleaning completed
2026-02-16 11:23:18,035 | INFO | src.data.data_preprocess | Starting data preprocessing (encoding)....
2026-02-16 11:23:18,086 | INFO | src.data.data_preprocess | Data preprocessing (encoding) completed
2026-02-16 11:23:18,089 | INFO | eda.eda | Starting EDA...
2026-02-16 11:23:19,009 | INFO | matplotlib.category | Using categorical units to plot a list of strings that are all parsable as floats or dates. If these strings should be plotted as numbers, cast to the appropriate data type before plotting.
2026-02-16 11:23:19,037 | INFO | matplotlib.category | Using categorical units to plot a list of strings that are all parsable as floats or dates. If these strings should be plotted as numbers, cast to the appropriate data type before plotting.
2026-02-16 11:23:19,117 | INFO | eda.eda | Saved: eda_plots\Interview score vs job acceptance.png
2026-02-16 11:23:19,211 | INFO | matplotlib.category | Using categorical units to plot a list of strings that are all parsable as floats or dates. If these strings should be plotted as numbers, cast to the appropriate data type before plotting.
2026-02-16 11:23:19,238 | INFO | matplotlib.category | Using categorical units to plot a list of strings that are all parsable as floats or dates. If these strings should be plotted as numbers, cast to the appropriate data type before plotting.
2026-02-16 11:23:19,302 | INFO | eda.eda | Saved: eda_plots\Skills Match Percentage vs Job Placement.png
2026-02-16 11:23:19,465 | INFO | eda.eda | Saved: eda_plots\Acceptance Rate by Company Tier.png
2026-02-16 11:23:19,586 | INFO | eda.eda | Saved: eda_plots\Placement Probability vs Years of Experience.png
2026-02-16 11:23:19,730 | INFO | eda.eda | Saved: eda_plots\Competition level vs job acceptance.png
2026-02-16 11:23:21,538 | INFO | eda.eda | Saved: eda_plots\Correlation Matrix of Numeric Features.png
2026-02-16 11:23:21,538 | INFO | eda.eda | EDA analysis completed successfully
2026-02-16 11:23:21,538 | INFO | src.features.feature_engineering | Starting feature engineering...
2026-02-16 11:23:22,068 | INFO | src.features.feature_engineering | Saved: fe_plots\Experience Category vs Placement Probability.png
2026-02-16 11:23:22,553 | INFO | src.features.feature_engineering | Saved: fe_plots\Academic Performance vs Placement Probability.png
2026-02-16 11:23:22,670 | INFO | src.features.feature_engineering | Saved: fe_plots\Skills match level.png
2026-02-16 11:23:22,789 | INFO | src.features.feature_engineering | Saved: fe_plots\Interview performance category.png
2026-02-16 11:23:22,789 | INFO | src.data.feature_scaling | Scaling features: ['communication_score', 'technical_score', 'skills_match_percentage', 'interview_score', 'years_of_experience']...
2026-02-16 11:23:22,794 | INFO | src.data.feature_scaling | Feature scaling completed
2026-02-16 11:23:23,277 | INFO | src.features.feature_engineering | Saved: fe_plots\Placement Probability Score.png
2026-02-16 11:23:23,277 | INFO | src.features.feature_engineering | Feature engineering completed successfully
2026-02-16 11:23:23,312 | INFO | src.data.split | Splitting data into train and test sets
2026-02-16 11:23:23,336 | INFO | src.data.split | Split completed: Train=(40099, 45), Test=(10025, 45)
2026-02-16 11:23:23,868 | INFO | src.data.split | Train data saved at data/processed/processed_dataset.csv\train_raw.csv
2026-02-16 11:23:23,868 | INFO | src.data.split | Test data saved at data/processed/processed_dataset.csv\test_raw.csv
2026-02-16 11:23:23,871 | INFO | src.models.train | Training LogisticRegression
2026-02-16 11:23:26,431 | INFO | src.models.evaluate | Evaluating model: LogisticRegression
2026-02-16 11:23:26,447 | INFO | src.models.evaluate | LogisticRegression Accuracy: 0.8736
2026-02-16 11:23:26,447 | INFO | src.models.evaluate | LogisticRegression F1 Score: 0.8722
2026-02-16 11:23:26,448 | INFO | src.models.evaluate | LogisticRegression report: {'0': {'precision': 0.8977649006622517, 'recall': 0.9252097255794114, 'f1-score': 0.9112807226384707, 'support': 7033.0}, '1': {'precision': 0.810586964350018, 'recall': 0.7523395721925134, 'f1-score': 0.7803778817819379, 'support': 2992.0}, 'accuracy': 0.8736159600997506, 'macro avg': {'precision': 0.8541759325061349, 'recall': 0.8387746488859624, 'f1-score': 0.8458293022102044, 'support': 10025.0}, 'weighted avg': {'precision': 0.8717463085977925, 'recall': 0.8736159600997506, 'f1-score': 0.8722122638012889, 'support': 10025.0}}
2026-02-16 11:23:26,449 | INFO | src.models.train | Training decision tree
2026-02-16 11:23:26,952 | INFO | src.models.evaluate | Evaluating model: decision tree
2026-02-16 11:23:26,961 | INFO | src.models.evaluate | decision tree Accuracy: 0.8377
2026-02-16 11:23:26,962 | INFO | src.models.evaluate | decision tree F1 Score: 0.8383
2026-02-16 11:23:26,962 | INFO | src.models.evaluate | decision tree report: {'0': {'precision': 0.8884736993388905, 'recall': 0.8789990046921655, 'f1-score': 0.8837109570438139, 'support': 7033.0}, '1': {'precision': 0.7225301597652429, 'recall': 0.7406417112299465, 'f1-score': 0.7314738405677504, 'support': 2992.0}, 'accuracy': 0.8377057356608478, 'macro avg': {'precision': 0.8055019295520667, 'recall': 0.809820357961056, 'f1-score': 0.8075923988057822, 'support': 10025.0}, 'weighted avg': {'precision': 0.8389472085254885, 'recall': 0.8377057356608478, 'f1-score': 0.8382752011838257, 'support': 10025.0}}
2026-02-16 11:23:26,964 | INFO | src.models.train | Training RandomForest
2026-02-16 11:23:39,061 | INFO | src.models.evaluate | Evaluating model: RandomForest
2026-02-16 11:23:39,071 | INFO | src.models.evaluate | RandomForest Accuracy: 0.8948
2026-02-16 11:23:39,071 | INFO | src.models.evaluate | RandomForest F1 Score: 0.8915
2026-02-16 11:23:39,072 | INFO | src.models.evaluate | RandomForest report: {'0': {'precision': 0.8950568332011631, 'recall': 0.9628892364567041, 'f1-score': 0.9277347763545448, 'support': 7033.0}, '1': {'precision': 0.8938592923952826, 'recall': 0.7346256684491979, 'f1-score': 0.8064575307283067, 'support': 2992.0}, 'accuracy': 0.8947630922693267, 'macro avg': {'precision': 0.8944580627982228, 'recall': 0.848757452452951, 'f1-score': 0.8670961535414258, 'support': 10025.0}, 'weighted avg': {'precision': 0.8946994225187497, 'recall': 0.8947630922693267, 'f1-score': 0.8915391136200107, 'support': 10025.0}}
2026-02-16 11:23:39,074 | INFO | src.models.train | Training knn
2026-02-16 11:23:43,341 | INFO | src.models.evaluate | Evaluating model: knn
2026-02-16 11:23:43,353 | INFO | src.models.evaluate | knn Accuracy: 0.7335
2026-02-16 11:23:43,353 | INFO | src.models.evaluate | knn F1 Score: 0.7305
2026-02-16 11:23:43,353 | INFO | src.models.evaluate | knn report: {'0': {'precision': 0.8008001103600496, 'recall': 0.8253945684629603, 'f1-score': 0.8129113569528077, 'support': 7033.0}, '1': {'precision': 0.5576368876080692, 'recall': 0.517379679144385, 'f1-score': 0.536754507628294, 'support': 2992.0}, 'accuracy': 0.7334663341645885, 'macro avg': {'precision': 0.6792184989840594, 'recall': 0.6713871238036726, 'f1-score': 0.6748329322905509, 'support': 10025.0}, 'weighted avg': {'precision': 0.7282271066220022, 'recall': 0.7334663341645885, 'f1-score': 0.7304912778327135, 'support': 10025.0}}
2026-02-16 11:23:43,355 | INFO | src.models.train | Best model: RandomForest with F1: 0.8915
2026-02-16 11:25:52,559 | INFO | src.models.train | Best RF params: {'max_depth': 20, 'max_features': 'sqrt', 'min_samples_split': 2, 'n_estimators': 300}, CV accuracy: 0.8982
2026-02-16 11:26:09,609 | INFO | src.models.evaluate | Evaluating model: RandomForest_Final
2026-02-16 11:26:09,619 | INFO | src.models.evaluate | RandomForest_Final Accuracy: 0.8953
2026-02-16 11:26:09,619 | INFO | src.models.evaluate | RandomForest_Final F1 Score: 0.8927
2026-02-16 11:26:09,620 | INFO | src.models.evaluate | RandomForest_Final report: {'0': {'precision': 0.8999866292285065, 'recall': 0.9570595762832361, 'f1-score': 0.927646085997795, 'support': 7033.0}, '1': {'precision': 0.8813825608798115, 'recall': 0.75, 'f1-score': 0.8104008667388949, 'support': 2992.0}, 'accuracy': 0.8952618453865336, 'macro avg': {'precision': 0.890684595054159, 'recall': 0.8535297881416181, 'f1-score': 0.8690234763683449, 'support': 10025.0}, 'weighted avg': {'precision': 0.8944341731188512, 'recall': 0.8952618453865336, 'f1-score': 0.8926537971177323, 'support': 10025.0}}
2026-02-16 11:26:09,622 | INFO | src.visuals.plots | Generating confusion matrix
2026-02-16 11:26:09,773 | INFO | src.visuals.plots | Saved: artifacts/reports/confusion_matrix.png\Confusion Matrix.png
2026-02-16 11:26:09,774 | INFO | src.visuals.plots | Confusion matrix saved at artifacts/reports/confusion_matrix.png
2026-02-16 11:26:11,733 | INFO | src.models.train | Train Accuracy: 0.9999, Test Accuracy: 0.8953
2026-02-16 11:26:11,777 | INFO | src.models.train | Top features:
                    feature  importance
5           technical_score    0.261508
11      years_of_experience    0.117966
8   skills_match_percentage    0.084994
13         expected_ctc_lpa    0.059392
7       communication_score    0.042751
12         previous_ctc_lpa    0.041931
6            aptitude_score    0.030493
4         degree_percentage    0.029341
3            hsc_percentage    0.028948
2            ssc_percentage    0.028803
2026-02-16 11:26:11,959 | INFO | src.models.train | Final RandomForest model saved at artifacts/models/final_random_forest_model.pkl
2026-02-16 11:26:11,961 | INFO | src.models.train | Saved REQUIRED_COLUMNS for inference at artifacts/required_columns.pkl
2026-02-16 11:26:11,987 | INFO | src.analytics.analytics | Generating business KPIs...
2026-02-16 11:26:11,996 | INFO | src.analytics.analytics | Business KPIs generated successfully
2026-02-16 11:26:11,996 | INFO | __main__ | Business KPIs: {'Total Candidates': 50124, 'Placement Rate (%)': np.float64(30.27), 'Average Interview Score': np.float64(198.13), 'Average Skills Match (%)': np.float64(73.94), 'High Risk Candidate (%)': 8.0, 'Offer Dropout Rate (%)': 1.26}
2026-02-16 11:26:11,997 | INFO | __main__ | Training completed. Best Model: RandomForestClassifier
2026-02-16 11:45:50,410 | INFO | __main__ | ML Pipeline started
2026-02-16 11:45:50,414 | INFO | src.data.data_load | Loading data from data/raw/HR_Job_Placement_Dataset.csv
2026-02-16 11:45:50,522 | INFO | src.data.data_load | Data loaded successfully from data/raw/HR_Job_Placement_Dataset.csv, shape: (51500, 26)
2026-02-16 11:45:50,523 | INFO | src.data.data_cleaning | starting data cleaning process....
2026-02-16 11:45:50,635 | INFO | src.data.data_cleaning | Data cleaning completed
2026-02-16 11:45:50,635 | INFO | src.data.data_preprocess | Starting data preprocessing (encoding)....
2026-02-16 11:45:50,680 | INFO | src.data.data_preprocess | Data preprocessing (encoding) completed
2026-02-16 11:45:50,683 | INFO | eda.eda | Starting EDA...
2026-02-16 11:45:50,843 | INFO | matplotlib.category | Using categorical units to plot a list of strings that are all parsable as floats or dates. If these strings should be plotted as numbers, cast to the appropriate data type before plotting.
2026-02-16 11:45:50,869 | INFO | matplotlib.category | Using categorical units to plot a list of strings that are all parsable as floats or dates. If these strings should be plotted as numbers, cast to the appropriate data type before plotting.
2026-02-16 11:45:50,943 | INFO | eda.eda | Saved: eda_plots\Interview score vs job acceptance.png
2026-02-16 11:45:51,032 | INFO | matplotlib.category | Using categorical units to plot a list of strings that are all parsable as floats or dates. If these strings should be plotted as numbers, cast to the appropriate data type before plotting.
2026-02-16 11:45:51,055 | INFO | matplotlib.category | Using categorical units to plot a list of strings that are all parsable as floats or dates. If these strings should be plotted as numbers, cast to the appropriate data type before plotting.
2026-02-16 11:45:51,113 | INFO | eda.eda | Saved: eda_plots\Skills Match Percentage vs Job Placement.png
2026-02-16 11:45:51,245 | INFO | eda.eda | Saved: eda_plots\Acceptance Rate by Company Tier.png
2026-02-16 11:45:51,356 | INFO | eda.eda | Saved: eda_plots\Placement Probability vs Years of Experience.png
2026-02-16 11:45:51,490 | INFO | eda.eda | Saved: eda_plots\Competition level vs job acceptance.png
2026-02-16 11:45:53,254 | INFO | eda.eda | Saved: eda_plots\Correlation Matrix of Numeric Features.png
2026-02-16 11:45:53,255 | INFO | eda.eda | EDA analysis completed successfully
2026-02-16 11:45:53,256 | INFO | src.features.feature_engineering | Starting feature engineering...
2026-02-16 11:45:53,685 | INFO | src.features.feature_engineering | Saved: fe_plots\Experience Category vs Placement Probability.png
2026-02-16 11:45:54,155 | INFO | src.features.feature_engineering | Saved: fe_plots\Academic Performance vs Placement Probability.png
2026-02-16 11:45:54,269 | INFO | src.features.feature_engineering | Saved: fe_plots\Skills match level.png
2026-02-16 11:45:54,388 | INFO | src.features.feature_engineering | Saved: fe_plots\Interview performance category.png
2026-02-16 11:45:54,388 | INFO | src.data.feature_scaling | Scaling features: ['communication_score', 'technical_score', 'skills_match_percentage', 'interview_score', 'years_of_experience']...
2026-02-16 11:45:54,395 | INFO | src.data.feature_scaling | Feature scaling completed
2026-02-16 11:45:54,852 | INFO | src.features.feature_engineering | Saved: fe_plots\Placement Probability Score.png
2026-02-16 11:45:54,852 | INFO | src.features.feature_engineering | Feature engineering completed successfully
2026-02-16 11:45:54,853 | INFO | src.data.split | Splitting data into train and test sets
2026-02-16 11:45:54,889 | INFO | src.data.split | Split completed: Train=(40099, 53), Test=(10025, 53)
2026-02-16 11:45:55,508 | INFO | src.data.split | Train data saved at data/processed/processed_dataset.csv\train_raw.csv
2026-02-16 11:45:55,509 | INFO | src.data.split | Test data saved at data/processed/processed_dataset.csv\test_raw.csv
2026-02-16 11:45:55,514 | INFO | src.models.train | Training LogisticRegression
2026-02-16 11:46:46,624 | INFO | __main__ | ML Pipeline started
2026-02-16 11:46:46,627 | INFO | src.data.data_load | Loading data from data/raw/HR_Job_Placement_Dataset.csv
2026-02-16 11:46:46,736 | INFO | src.data.data_load | Data loaded successfully from data/raw/HR_Job_Placement_Dataset.csv, shape: (51500, 26)
2026-02-16 11:46:46,737 | INFO | src.data.data_cleaning | starting data cleaning process....
2026-02-16 11:46:46,851 | INFO | src.data.data_cleaning | Data cleaning completed
2026-02-16 11:46:46,852 | INFO | src.data.data_preprocess | Starting data preprocessing (encoding)....
2026-02-16 11:46:46,897 | INFO | src.data.data_preprocess | Data preprocessing (encoding) completed
2026-02-16 11:46:46,901 | INFO | eda.eda | Starting EDA...
2026-02-16 11:46:47,065 | INFO | matplotlib.category | Using categorical units to plot a list of strings that are all parsable as floats or dates. If these strings should be plotted as numbers, cast to the appropriate data type before plotting.
2026-02-16 11:46:47,090 | INFO | matplotlib.category | Using categorical units to plot a list of strings that are all parsable as floats or dates. If these strings should be plotted as numbers, cast to the appropriate data type before plotting.
2026-02-16 11:46:47,163 | INFO | eda.eda | Saved: eda_plots\Interview score vs job acceptance.png
2026-02-16 11:46:47,256 | INFO | matplotlib.category | Using categorical units to plot a list of strings that are all parsable as floats or dates. If these strings should be plotted as numbers, cast to the appropriate data type before plotting.
2026-02-16 11:46:47,280 | INFO | matplotlib.category | Using categorical units to plot a list of strings that are all parsable as floats or dates. If these strings should be plotted as numbers, cast to the appropriate data type before plotting.
2026-02-16 11:46:47,336 | INFO | eda.eda | Saved: eda_plots\Skills Match Percentage vs Job Placement.png
2026-02-16 11:46:47,485 | INFO | eda.eda | Saved: eda_plots\Acceptance Rate by Company Tier.png
2026-02-16 11:46:47,601 | INFO | eda.eda | Saved: eda_plots\Placement Probability vs Years of Experience.png
2026-02-16 11:46:47,734 | INFO | eda.eda | Saved: eda_plots\Competition level vs job acceptance.png
2026-02-16 11:46:49,446 | INFO | eda.eda | Saved: eda_plots\Correlation Matrix of Numeric Features.png
2026-02-16 11:46:49,447 | INFO | eda.eda | EDA analysis completed successfully
2026-02-16 11:46:49,448 | INFO | src.features.feature_engineering | Starting feature engineering...
2026-02-16 11:46:49,894 | INFO | src.features.feature_engineering | Saved: fe_plots\Experience Category vs Placement Probability.png
2026-02-16 11:46:50,363 | INFO | src.features.feature_engineering | Saved: fe_plots\Academic Performance vs Placement Probability.png
2026-02-16 11:46:50,475 | INFO | src.features.feature_engineering | Saved: fe_plots\Skills match level.png
2026-02-16 11:46:50,588 | INFO | src.features.feature_engineering | Saved: fe_plots\Interview performance category.png
2026-02-16 11:46:50,589 | INFO | src.data.feature_scaling | Scaling features: ['communication_score', 'technical_score', 'skills_match_percentage', 'interview_score', 'years_of_experience']...
2026-02-16 11:46:50,594 | INFO | src.data.feature_scaling | Feature scaling completed
2026-02-16 11:46:51,054 | INFO | src.features.feature_engineering | Saved: fe_plots\Placement Probability Score.png
2026-02-16 11:46:51,055 | INFO | src.features.feature_engineering | Feature engineering completed successfully
2026-02-16 11:46:51,087 | INFO | src.data.split | Splitting data into train and test sets
2026-02-16 11:46:51,109 | INFO | src.data.split | Split completed: Train=(40099, 45), Test=(10025, 45)
2026-02-16 11:46:51,626 | INFO | src.data.split | Train data saved at data/processed/processed_dataset.csv\train_raw.csv
2026-02-16 11:46:51,626 | INFO | src.data.split | Test data saved at data/processed/processed_dataset.csv\test_raw.csv
2026-02-16 11:46:51,628 | INFO | src.models.train | Training LogisticRegression
2026-02-16 11:46:53,841 | INFO | src.models.evaluate | Evaluating model: LogisticRegression
2026-02-16 11:46:53,852 | INFO | src.models.evaluate | LogisticRegression Accuracy: 0.8736
2026-02-16 11:46:53,852 | INFO | src.models.evaluate | LogisticRegression F1 Score: 0.8722
2026-02-16 11:46:53,852 | INFO | src.models.evaluate | LogisticRegression report: {'0': {'precision': 0.8977649006622517, 'recall': 0.9252097255794114, 'f1-score': 0.9112807226384707, 'support': 7033.0}, '1': {'precision': 0.810586964350018, 'recall': 0.7523395721925134, 'f1-score': 0.7803778817819379, 'support': 2992.0}, 'accuracy': 0.8736159600997506, 'macro avg': {'precision': 0.8541759325061349, 'recall': 0.8387746488859624, 'f1-score': 0.8458293022102044, 'support': 10025.0}, 'weighted avg': {'precision': 0.8717463085977925, 'recall': 0.8736159600997506, 'f1-score': 0.8722122638012889, 'support': 10025.0}}
2026-02-16 11:46:53,853 | INFO | src.models.train | Training decision tree
2026-02-16 11:46:54,388 | INFO | src.models.evaluate | Evaluating model: decision tree
2026-02-16 11:46:54,399 | INFO | src.models.evaluate | decision tree Accuracy: 0.8377
2026-02-16 11:46:54,399 | INFO | src.models.evaluate | decision tree F1 Score: 0.8383
2026-02-16 11:46:54,399 | INFO | src.models.evaluate | decision tree report: {'0': {'precision': 0.8884736993388905, 'recall': 0.8789990046921655, 'f1-score': 0.8837109570438139, 'support': 7033.0}, '1': {'precision': 0.7225301597652429, 'recall': 0.7406417112299465, 'f1-score': 0.7314738405677504, 'support': 2992.0}, 'accuracy': 0.8377057356608478, 'macro avg': {'precision': 0.8055019295520667, 'recall': 0.809820357961056, 'f1-score': 0.8075923988057822, 'support': 10025.0}, 'weighted avg': {'precision': 0.8389472085254885, 'recall': 0.8377057356608478, 'f1-score': 0.8382752011838257, 'support': 10025.0}}
2026-02-16 11:46:54,401 | INFO | src.models.train | Training RandomForest
2026-02-16 11:47:06,063 | INFO | src.models.evaluate | Evaluating model: RandomForest
2026-02-16 11:47:06,073 | INFO | src.models.evaluate | RandomForest Accuracy: 0.8948
2026-02-16 11:47:06,073 | INFO | src.models.evaluate | RandomForest F1 Score: 0.8915
2026-02-16 11:47:06,073 | INFO | src.models.evaluate | RandomForest report: {'0': {'precision': 0.8950568332011631, 'recall': 0.9628892364567041, 'f1-score': 0.9277347763545448, 'support': 7033.0}, '1': {'precision': 0.8938592923952826, 'recall': 0.7346256684491979, 'f1-score': 0.8064575307283067, 'support': 2992.0}, 'accuracy': 0.8947630922693267, 'macro avg': {'precision': 0.8944580627982228, 'recall': 0.848757452452951, 'f1-score': 0.8670961535414258, 'support': 10025.0}, 'weighted avg': {'precision': 0.8946994225187497, 'recall': 0.8947630922693267, 'f1-score': 0.8915391136200107, 'support': 10025.0}}
2026-02-16 11:47:06,075 | INFO | src.models.train | Training knn
2026-02-16 11:47:08,877 | INFO | src.models.evaluate | Evaluating model: knn
2026-02-16 11:47:08,887 | INFO | src.models.evaluate | knn Accuracy: 0.7335
2026-02-16 11:47:08,887 | INFO | src.models.evaluate | knn F1 Score: 0.7305
2026-02-16 11:47:08,887 | INFO | src.models.evaluate | knn report: {'0': {'precision': 0.8008001103600496, 'recall': 0.8253945684629603, 'f1-score': 0.8129113569528077, 'support': 7033.0}, '1': {'precision': 0.5576368876080692, 'recall': 0.517379679144385, 'f1-score': 0.536754507628294, 'support': 2992.0}, 'accuracy': 0.7334663341645885, 'macro avg': {'precision': 0.6792184989840594, 'recall': 0.6713871238036726, 'f1-score': 0.6748329322905509, 'support': 10025.0}, 'weighted avg': {'precision': 0.7282271066220022, 'recall': 0.7334663341645885, 'f1-score': 0.7304912778327135, 'support': 10025.0}}
2026-02-16 11:47:08,889 | INFO | src.models.train | Best model: RandomForest with F1: 0.8915
2026-02-16 11:49:11,038 | INFO | src.models.train | Best RF params: {'max_depth': 20, 'max_features': 'sqrt', 'min_samples_split': 2, 'n_estimators': 300}, CV accuracy: 0.8982
2026-02-16 11:49:27,917 | INFO | src.models.evaluate | Evaluating model: RandomForest_Final
2026-02-16 11:49:27,927 | INFO | src.models.evaluate | RandomForest_Final Accuracy: 0.8953
2026-02-16 11:49:27,927 | INFO | src.models.evaluate | RandomForest_Final F1 Score: 0.8927
2026-02-16 11:49:27,928 | INFO | src.models.evaluate | RandomForest_Final report: {'0': {'precision': 0.8999866292285065, 'recall': 0.9570595762832361, 'f1-score': 0.927646085997795, 'support': 7033.0}, '1': {'precision': 0.8813825608798115, 'recall': 0.75, 'f1-score': 0.8104008667388949, 'support': 2992.0}, 'accuracy': 0.8952618453865336, 'macro avg': {'precision': 0.890684595054159, 'recall': 0.8535297881416181, 'f1-score': 0.8690234763683449, 'support': 10025.0}, 'weighted avg': {'precision': 0.8944341731188512, 'recall': 0.8952618453865336, 'f1-score': 0.8926537971177323, 'support': 10025.0}}
2026-02-16 11:49:27,929 | INFO | src.visuals.plots | Generating confusion matrix
2026-02-16 11:49:28,069 | INFO | src.visuals.plots | Saved: artifacts/reports/confusion_matrix.png\Confusion Matrix.png
2026-02-16 11:49:28,069 | INFO | src.visuals.plots | Confusion matrix saved at artifacts/reports/confusion_matrix.png
2026-02-16 11:49:29,942 | INFO | src.models.train | Train Accuracy: 0.9999, Test Accuracy: 0.8953
2026-02-16 11:49:29,979 | INFO | src.models.train | Top features:
                    feature  importance
5           technical_score    0.261508
11      years_of_experience    0.117966
8   skills_match_percentage    0.084994
13         expected_ctc_lpa    0.059392
7       communication_score    0.042751
12         previous_ctc_lpa    0.041931
6            aptitude_score    0.030493
4         degree_percentage    0.029341
3            hsc_percentage    0.028948
2            ssc_percentage    0.028803
2026-02-16 11:49:30,144 | INFO | src.models.train | Final RandomForest model saved at artifacts/models/final_random_forest_model.pkl
2026-02-16 11:49:30,145 | INFO | src.models.train | Saved REQUIRED_COLUMNS for inference at artifacts/required_columns.pkl
2026-02-16 11:49:30,167 | INFO | src.analytics.analytics | Generating business KPIs...
2026-02-16 11:49:30,177 | INFO | src.analytics.analytics | Business KPIs generated successfully
2026-02-16 11:49:30,178 | INFO | __main__ | Business KPIs: {'Total Candidates': 50124, 'Placement Rate (%)': np.float64(30.27), 'Average Interview Score': np.float64(198.13), 'Average Skills Match (%)': np.float64(73.94), 'High Risk Candidate (%)': 8.0, 'Offer Dropout Rate (%)': 1.26}
2026-02-16 11:49:30,178 | INFO | __main__ | Training completed. Best Model: RandomForestClassifier
2026-02-16 12:02:41,209 | INFO | __main__ | ML Pipeline started
2026-02-16 12:02:41,212 | INFO | src.data.data_load | Loading data from data/raw/HR_Job_Placement_Dataset.csv
2026-02-16 12:02:41,320 | INFO | src.data.data_load | Data loaded successfully from data/raw/HR_Job_Placement_Dataset.csv, shape: (51500, 26)
2026-02-16 12:02:41,321 | INFO | src.data.data_cleaning | starting data cleaning process....
2026-02-16 12:02:41,432 | INFO | src.data.data_cleaning | Data cleaning completed
2026-02-16 12:02:41,433 | INFO | src.data.data_preprocess | Starting data preprocessing (encoding)....
2026-02-16 12:02:41,479 | INFO | src.data.data_preprocess | Data preprocessing (encoding) completed
2026-02-16 12:02:41,482 | INFO | eda.eda | Starting EDA...
2026-02-16 12:02:41,646 | INFO | matplotlib.category | Using categorical units to plot a list of strings that are all parsable as floats or dates. If these strings should be plotted as numbers, cast to the appropriate data type before plotting.
2026-02-16 12:02:41,665 | INFO | matplotlib.category | Using categorical units to plot a list of strings that are all parsable as floats or dates. If these strings should be plotted as numbers, cast to the appropriate data type before plotting.
2026-02-16 12:02:41,740 | INFO | eda.eda | Saved: eda_plots\Interview score vs job acceptance.png
2026-02-16 12:02:41,836 | INFO | matplotlib.category | Using categorical units to plot a list of strings that are all parsable as floats or dates. If these strings should be plotted as numbers, cast to the appropriate data type before plotting.
2026-02-16 12:02:41,859 | INFO | matplotlib.category | Using categorical units to plot a list of strings that are all parsable as floats or dates. If these strings should be plotted as numbers, cast to the appropriate data type before plotting.
2026-02-16 12:02:41,921 | INFO | eda.eda | Saved: eda_plots\Skills Match Percentage vs Job Placement.png
2026-02-16 12:02:42,060 | INFO | eda.eda | Saved: eda_plots\Acceptance Rate by Company Tier.png
2026-02-16 12:02:42,204 | INFO | eda.eda | Saved: eda_plots\Placement Probability vs Years of Experience.png
2026-02-16 12:02:42,341 | INFO | eda.eda | Saved: eda_plots\Competition level vs job acceptance.png
2026-02-16 12:02:44,087 | INFO | eda.eda | Saved: eda_plots\Correlation Matrix of Numeric Features.png
2026-02-16 12:02:44,088 | INFO | eda.eda | EDA analysis completed successfully
2026-02-16 12:02:44,088 | INFO | src.features.feature_engineering | Starting feature engineering...
2026-02-16 12:02:44,547 | INFO | src.features.feature_engineering | Saved: fe_plots\Experience Category vs Placement Probability.png
2026-02-16 12:02:44,996 | INFO | src.features.feature_engineering | Saved: fe_plots\Academic Performance vs Placement Probability.png
2026-02-16 12:02:45,111 | INFO | src.features.feature_engineering | Saved: fe_plots\Skills match level.png
2026-02-16 12:02:45,235 | INFO | src.features.feature_engineering | Saved: fe_plots\Interview performance category.png
2026-02-16 12:02:45,235 | INFO | src.data.feature_scaling | Scaling features: ['communication_score', 'technical_score', 'skills_match_percentage', 'interview_score', 'years_of_experience']...
2026-02-16 12:02:45,241 | INFO | src.data.feature_scaling | Feature scaling completed
2026-02-16 12:02:45,710 | INFO | src.features.feature_engineering | Saved: fe_plots\Placement Probability Score.png
2026-02-16 12:02:45,711 | INFO | src.features.feature_engineering | Feature engineering completed successfully
2026-02-16 12:02:45,746 | INFO | src.data.split | Splitting data into train and test sets
2026-02-16 12:02:45,776 | INFO | src.data.split | Split completed: Train=(40099, 74), Test=(10025, 74)
2026-02-16 12:02:46,658 | INFO | src.data.split | Train data saved at data/processed/processed_dataset.csv\train_raw.csv
2026-02-16 12:02:46,658 | INFO | src.data.split | Test data saved at data/processed/processed_dataset.csv\test_raw.csv
2026-02-16 12:02:46,660 | INFO | src.models.train | Training LogisticRegression
2026-02-16 12:06:45,393 | INFO | __main__ | ML Pipeline started
2026-02-16 12:06:45,396 | INFO | src.data.data_load | Loading data from data/raw/HR_Job_Placement_Dataset.csv
2026-02-16 12:06:45,508 | INFO | src.data.data_load | Data loaded successfully from data/raw/HR_Job_Placement_Dataset.csv, shape: (51500, 26)
2026-02-16 12:06:45,509 | INFO | src.data.data_cleaning | starting data cleaning process....
2026-02-16 12:06:45,624 | INFO | src.data.data_cleaning | Data cleaning completed
2026-02-16 12:06:45,625 | INFO | src.data.data_preprocess | Starting data preprocessing (encoding)....
2026-02-16 12:06:45,670 | INFO | src.data.data_preprocess | Data preprocessing (encoding) completed
2026-02-16 12:06:45,673 | INFO | eda.eda | Starting EDA...
2026-02-16 12:06:45,827 | INFO | matplotlib.category | Using categorical units to plot a list of strings that are all parsable as floats or dates. If these strings should be plotted as numbers, cast to the appropriate data type before plotting.
2026-02-16 12:06:45,847 | INFO | matplotlib.category | Using categorical units to plot a list of strings that are all parsable as floats or dates. If these strings should be plotted as numbers, cast to the appropriate data type before plotting.
2026-02-16 12:06:45,920 | INFO | eda.eda | Saved: eda_plots\Interview score vs job acceptance.png
2026-02-16 12:06:46,009 | INFO | matplotlib.category | Using categorical units to plot a list of strings that are all parsable as floats or dates. If these strings should be plotted as numbers, cast to the appropriate data type before plotting.
2026-02-16 12:06:46,029 | INFO | matplotlib.category | Using categorical units to plot a list of strings that are all parsable as floats or dates. If these strings should be plotted as numbers, cast to the appropriate data type before plotting.
2026-02-16 12:06:46,086 | INFO | eda.eda | Saved: eda_plots\Skills Match Percentage vs Job Placement.png
2026-02-16 12:06:46,220 | INFO | eda.eda | Saved: eda_plots\Acceptance Rate by Company Tier.png
2026-02-16 12:06:46,332 | INFO | eda.eda | Saved: eda_plots\Placement Probability vs Years of Experience.png
2026-02-16 12:06:46,464 | INFO | eda.eda | Saved: eda_plots\Competition level vs job acceptance.png
2026-02-16 12:06:48,144 | INFO | eda.eda | Saved: eda_plots\Correlation Matrix of Numeric Features.png
2026-02-16 12:06:48,144 | INFO | eda.eda | EDA analysis completed successfully
2026-02-16 12:06:48,145 | INFO | src.features.feature_engineering | Starting feature engineering...
2026-02-16 12:06:48,605 | INFO | src.features.feature_engineering | Saved: fe_plots\Experience Category vs Placement Probability.png
2026-02-16 12:06:49,052 | INFO | src.features.feature_engineering | Saved: fe_plots\Academic Performance vs Placement Probability.png
2026-02-16 12:06:49,167 | INFO | src.features.feature_engineering | Saved: fe_plots\Skills match level.png
2026-02-16 12:06:49,283 | INFO | src.features.feature_engineering | Saved: fe_plots\Interview performance category.png
2026-02-16 12:06:49,283 | INFO | src.data.feature_scaling | Scaling features: ['communication_score', 'technical_score', 'skills_match_percentage', 'interview_score', 'years_of_experience']...
2026-02-16 12:06:49,288 | INFO | src.data.feature_scaling | Feature scaling completed
2026-02-16 12:06:49,754 | INFO | src.features.feature_engineering | Saved: fe_plots\Placement Probability Score.png
2026-02-16 12:06:49,755 | INFO | src.features.feature_engineering | Feature engineering completed successfully
2026-02-16 12:06:49,789 | INFO | src.data.split | Splitting data into train and test sets
2026-02-16 12:06:49,816 | INFO | src.data.split | Split completed: Train=(40099, 74), Test=(10025, 74)
2026-02-16 12:06:50,663 | INFO | src.data.split | Train data saved at data/processed/processed_dataset.csv\train_raw.csv
2026-02-16 12:06:50,664 | INFO | src.data.split | Test data saved at data/processed/processed_dataset.csv\test_raw.csv
2026-02-16 12:06:50,844 | INFO | src.models.train | Training LogisticRegression
2026-02-16 12:08:32,651 | INFO | __main__ | ML Pipeline started
2026-02-16 12:08:32,654 | INFO | src.data.data_load | Loading data from data/raw/HR_Job_Placement_Dataset.csv
2026-02-16 12:08:32,776 | INFO | src.data.data_load | Data loaded successfully from data/raw/HR_Job_Placement_Dataset.csv, shape: (51500, 26)
2026-02-16 12:08:32,777 | INFO | src.data.data_cleaning | starting data cleaning process....
2026-02-16 12:08:32,901 | INFO | src.data.data_cleaning | Data cleaning completed
2026-02-16 12:08:32,902 | INFO | src.data.data_preprocess | Starting data preprocessing (encoding)....
2026-02-16 12:08:32,946 | INFO | src.data.data_preprocess | Data preprocessing (encoding) completed
2026-02-16 12:08:32,948 | INFO | eda.eda | Starting EDA...
2026-02-16 12:08:33,099 | INFO | matplotlib.category | Using categorical units to plot a list of strings that are all parsable as floats or dates. If these strings should be plotted as numbers, cast to the appropriate data type before plotting.
2026-02-16 12:08:33,124 | INFO | matplotlib.category | Using categorical units to plot a list of strings that are all parsable as floats or dates. If these strings should be plotted as numbers, cast to the appropriate data type before plotting.
2026-02-16 12:08:33,196 | INFO | eda.eda | Saved: eda_plots\Interview score vs job acceptance.png
2026-02-16 12:08:33,285 | INFO | matplotlib.category | Using categorical units to plot a list of strings that are all parsable as floats or dates. If these strings should be plotted as numbers, cast to the appropriate data type before plotting.
2026-02-16 12:08:33,309 | INFO | matplotlib.category | Using categorical units to plot a list of strings that are all parsable as floats or dates. If these strings should be plotted as numbers, cast to the appropriate data type before plotting.
2026-02-16 12:08:33,366 | INFO | eda.eda | Saved: eda_plots\Skills Match Percentage vs Job Placement.png
2026-02-16 12:08:33,499 | INFO | eda.eda | Saved: eda_plots\Acceptance Rate by Company Tier.png
2026-02-16 12:08:33,616 | INFO | eda.eda | Saved: eda_plots\Placement Probability vs Years of Experience.png
2026-02-16 12:08:33,754 | INFO | eda.eda | Saved: eda_plots\Competition level vs job acceptance.png
2026-02-16 12:08:35,423 | INFO | eda.eda | Saved: eda_plots\Correlation Matrix of Numeric Features.png
2026-02-16 12:08:35,423 | INFO | eda.eda | EDA analysis completed successfully
2026-02-16 12:08:35,424 | INFO | src.features.feature_engineering | Starting feature engineering...
2026-02-16 12:08:35,888 | INFO | src.features.feature_engineering | Saved: fe_plots\Experience Category vs Placement Probability.png
2026-02-16 12:08:36,361 | INFO | src.features.feature_engineering | Saved: fe_plots\Academic Performance vs Placement Probability.png
2026-02-16 12:08:36,474 | INFO | src.features.feature_engineering | Saved: fe_plots\Skills match level.png
2026-02-16 12:08:36,588 | INFO | src.features.feature_engineering | Saved: fe_plots\Interview performance category.png
2026-02-16 12:08:36,588 | INFO | src.data.feature_scaling | Scaling features: ['communication_score', 'technical_score', 'skills_match_percentage', 'interview_score', 'years_of_experience']...
2026-02-16 12:08:36,594 | INFO | src.data.feature_scaling | Feature scaling completed
2026-02-16 12:08:37,050 | INFO | src.features.feature_engineering | Saved: fe_plots\Placement Probability Score.png
2026-02-16 12:08:37,050 | INFO | src.features.feature_engineering | Feature engineering completed successfully
2026-02-16 12:08:37,129 | INFO | src.data.split | Splitting data into train and test sets
2026-02-16 12:08:37,174 | INFO | src.data.split | Split completed: Train=(40099, 59), Test=(10025, 59)
2026-02-16 12:08:38,355 | INFO | src.data.split | Train data saved at data/processed/processed_dataset.csv\train_raw.csv
2026-02-16 12:08:38,356 | INFO | src.data.split | Test data saved at data/processed/processed_dataset.csv\test_raw.csv
2026-02-16 12:08:38,361 | INFO | src.models.train | Training LogisticRegression
2026-02-16 12:09:39,137 | INFO | __main__ | ML Pipeline started
2026-02-16 12:09:39,140 | INFO | src.data.data_load | Loading data from data/raw/HR_Job_Placement_Dataset.csv
2026-02-16 12:09:39,249 | INFO | src.data.data_load | Data loaded successfully from data/raw/HR_Job_Placement_Dataset.csv, shape: (51500, 26)
2026-02-16 12:09:39,250 | INFO | src.data.data_cleaning | starting data cleaning process....
2026-02-16 12:09:39,370 | INFO | src.data.data_cleaning | Data cleaning completed
2026-02-16 12:09:39,371 | INFO | src.data.data_preprocess | Starting data preprocessing (encoding)....
2026-02-16 12:09:39,416 | INFO | src.data.data_preprocess | Data preprocessing (encoding) completed
2026-02-16 12:09:39,418 | INFO | eda.eda | Starting EDA...
2026-02-16 12:09:39,575 | INFO | matplotlib.category | Using categorical units to plot a list of strings that are all parsable as floats or dates. If these strings should be plotted as numbers, cast to the appropriate data type before plotting.
2026-02-16 12:09:39,595 | INFO | matplotlib.category | Using categorical units to plot a list of strings that are all parsable as floats or dates. If these strings should be plotted as numbers, cast to the appropriate data type before plotting.
2026-02-16 12:09:39,670 | INFO | eda.eda | Saved: eda_plots\Interview score vs job acceptance.png
2026-02-16 12:09:39,762 | INFO | matplotlib.category | Using categorical units to plot a list of strings that are all parsable as floats or dates. If these strings should be plotted as numbers, cast to the appropriate data type before plotting.
2026-02-16 12:09:39,782 | INFO | matplotlib.category | Using categorical units to plot a list of strings that are all parsable as floats or dates. If these strings should be plotted as numbers, cast to the appropriate data type before plotting.
2026-02-16 12:09:39,837 | INFO | eda.eda | Saved: eda_plots\Skills Match Percentage vs Job Placement.png
2026-02-16 12:09:39,994 | INFO | eda.eda | Saved: eda_plots\Acceptance Rate by Company Tier.png
2026-02-16 12:09:40,105 | INFO | eda.eda | Saved: eda_plots\Placement Probability vs Years of Experience.png
2026-02-16 12:09:40,240 | INFO | eda.eda | Saved: eda_plots\Competition level vs job acceptance.png
2026-02-16 12:09:41,902 | INFO | eda.eda | Saved: eda_plots\Correlation Matrix of Numeric Features.png
2026-02-16 12:09:41,902 | INFO | eda.eda | EDA analysis completed successfully
2026-02-16 12:09:41,902 | INFO | src.features.feature_engineering | Starting feature engineering...
2026-02-16 12:09:42,387 | INFO | src.features.feature_engineering | Saved: fe_plots\Experience Category vs Placement Probability.png
2026-02-16 12:09:42,856 | INFO | src.features.feature_engineering | Saved: fe_plots\Academic Performance vs Placement Probability.png
2026-02-16 12:09:42,967 | INFO | src.features.feature_engineering | Saved: fe_plots\Skills match level.png
2026-02-16 12:09:43,082 | INFO | src.features.feature_engineering | Saved: fe_plots\Interview performance category.png
2026-02-16 12:09:43,082 | INFO | src.data.feature_scaling | Scaling features: ['communication_score', 'technical_score', 'skills_match_percentage', 'interview_score', 'years_of_experience']...
2026-02-16 12:09:43,088 | INFO | src.data.feature_scaling | Feature scaling completed
2026-02-16 12:09:43,571 | INFO | src.features.feature_engineering | Saved: fe_plots\Placement Probability Score.png
2026-02-16 12:09:43,571 | INFO | src.features.feature_engineering | Feature engineering completed successfully
2026-02-16 12:09:43,763 | INFO | src.data.split | Splitting data into train and test sets
2026-02-16 12:09:43,809 | INFO | src.data.split | Split completed: Train=(40099, 74), Test=(10025, 74)
2026-02-16 12:09:45,080 | INFO | src.data.split | Train data saved at data/processed/processed_dataset.csv\train_raw.csv
2026-02-16 12:09:45,080 | INFO | src.data.split | Test data saved at data/processed/processed_dataset.csv\test_raw.csv
2026-02-16 12:09:45,084 | INFO | src.models.train | Training LogisticRegression
2026-02-16 12:09:49,436 | INFO | src.models.evaluate | Evaluating model: LogisticRegression
2026-02-16 12:09:49,448 | INFO | src.models.evaluate | LogisticRegression Accuracy: 0.8746
2026-02-16 12:09:49,448 | INFO | src.models.evaluate | LogisticRegression F1 Score: 0.8735
2026-02-16 12:09:49,448 | INFO | src.models.evaluate | LogisticRegression report: {'0.0': {'precision': 0.9006659267480577, 'recall': 0.9230769230769231, 'f1-score': 0.9117337265641458, 'support': 7033.0}, '1.0': {'precision': 0.8079517216897408, 'recall': 0.7606951871657754, 'f1-score': 0.7836116371148218, 'support': 2992.0}, 'accuracy': 0.8746134663341646, 'macro avg': {'precision': 0.8543088242188992, 'recall': 0.8418860551213493, 'f1-score': 0.8476726818394837, 'support': 10025.0}, 'weighted avg': {'precision': 0.8729950138767876, 'recall': 0.8746134663341646, 'f1-score': 0.873495193732986, 'support': 10025.0}}
2026-02-16 12:09:49,450 | INFO | src.models.train | Training decision tree
2026-02-16 12:09:50,130 | INFO | src.models.evaluate | Evaluating model: decision tree
2026-02-16 12:09:50,140 | INFO | src.models.evaluate | decision tree Accuracy: 0.8356
2026-02-16 12:09:50,140 | INFO | src.models.evaluate | decision tree F1 Score: 0.8364
2026-02-16 12:09:50,141 | INFO | src.models.evaluate | decision tree report: {'0.0': {'precision': 0.8886964053702902, 'recall': 0.8753021470211858, 'f1-score': 0.8819484240687679, 'support': 7033.0}, '1.0': {'precision': 0.7169141381536475, 'recall': 0.7423128342245989, 'f1-score': 0.729392446633826, 'support': 2992.0}, 'accuracy': 0.8356109725685785, 'macro avg': {'precision': 0.8028052717619688, 'recall': 0.8088074906228924, 'f1-score': 0.8056704353512969, 'support': 10025.0}, 'weighted avg': {'precision': 0.8374273237231884, 'recall': 0.8356109725685785, 'f1-score': 0.8364175029230975, 'support': 10025.0}}
2026-02-16 12:09:50,142 | INFO | src.models.train | Training RandomForest
2026-02-16 12:10:03,138 | INFO | src.models.evaluate | Evaluating model: RandomForest
2026-02-16 12:10:03,150 | INFO | src.models.evaluate | RandomForest Accuracy: 0.8902
2026-02-16 12:10:03,150 | INFO | src.models.evaluate | RandomForest F1 Score: 0.8876
2026-02-16 12:10:03,150 | INFO | src.models.evaluate | RandomForest report: {'0.0': {'precision': 0.8979071639388247, 'recall': 0.9516564766102659, 'f1-score': 0.9240008283288466, 'support': 7033.0}, '1.0': {'precision': 0.867755737067289, 'recall': 0.7456550802139037, 'f1-score': 0.8020852058241956, 'support': 2992.0}, 'accuracy': 0.8901745635910224, 'macro avg': {'precision': 0.8828314505030569, 'recall': 0.8486557784120847, 'f1-score': 0.8630430170765211, 'support': 10025.0}, 'weighted avg': {'precision': 0.8889083540435994, 'recall': 0.8901745635910224, 'f1-score': 0.8876146395474086, 'support': 10025.0}}
2026-02-16 12:10:03,152 | INFO | src.models.train | Training knn
2026-02-16 12:10:06,009 | INFO | src.models.evaluate | Evaluating model: knn
2026-02-16 12:10:06,018 | INFO | src.models.evaluate | knn Accuracy: 0.7303
2026-02-16 12:10:06,019 | INFO | src.models.evaluate | knn F1 Score: 0.7265
2026-02-16 12:10:06,019 | INFO | src.models.evaluate | knn report: {'0.0': {'precision': 0.7966287515417295, 'recall': 0.8265320631309541, 'f1-score': 0.8113049546406141, 'support': 7033.0}, '1.0': {'precision': 0.5527859237536656, 'recall': 0.5040106951871658, 'f1-score': 0.5272727272727272, 'support': 2992.0}, 'accuracy': 0.7302743142144639, 'macro avg': {'precision': 0.6747073376476975, 'recall': 0.6652713791590599, 'f1-score': 0.6692888409566706, 'support': 10025.0}, 'weighted avg': {'precision': 0.7238529170537608, 'recall': 0.7302743142144639, 'f1-score': 0.7265344385024877, 'support': 10025.0}}
2026-02-16 12:10:06,021 | INFO | src.models.train | Best model: RandomForest with F1: 0.8876
2026-02-16 12:12:24,748 | INFO | src.models.train | Best RF params: {'max_depth': 20, 'max_features': 'sqrt', 'min_samples_split': 2, 'n_estimators': 300}, CV accuracy: 0.8917
2026-02-16 12:12:43,530 | INFO | src.models.evaluate | Evaluating model: RandomForest_Final
2026-02-16 12:12:43,539 | INFO | src.models.evaluate | RandomForest_Final Accuracy: 0.8927
2026-02-16 12:12:43,540 | INFO | src.models.evaluate | RandomForest_Final F1 Score: 0.8908
2026-02-16 12:12:43,540 | INFO | src.models.evaluate | RandomForest_Final report: {'0.0': {'precision': 0.9051829683036322, 'recall': 0.9461111901037964, 'f1-score': 0.925194660734149, 'support': 7033.0}, '1.0': {'precision': 0.8582647718773373, 'recall': 0.7670454545454546, 'f1-score': 0.8100953053300388, 'support': 2992.0}, 'accuracy': 0.8926683291770574, 'macro avg': {'precision': 0.8817238700904848, 'recall': 0.8565783223246255, 'f1-score': 0.8676449830320939, 'support': 10025.0}, 'weighted avg': {'precision': 0.8911800512255798, 'recall': 0.8926683291770574, 'f1-score': 0.8908428132160344, 'support': 10025.0}}
2026-02-16 12:12:43,542 | INFO | src.visuals.plots | Generating confusion matrix
2026-02-16 12:12:43,687 | INFO | src.visuals.plots | Saved: artifacts/reports/confusion_matrix.png\Confusion Matrix.png
2026-02-16 12:12:43,687 | INFO | src.visuals.plots | Confusion matrix saved at artifacts/reports/confusion_matrix.png
2026-02-16 12:12:45,786 | INFO | src.models.train | Train Accuracy: 0.9995, Test Accuracy: 0.8927
2026-02-16 12:12:45,822 | INFO | src.models.train | Top features:
                    feature  importance
5           technical_score    0.149387
48     placement_prob_score    0.143112
11      years_of_experience    0.065300
43          interview_score    0.058683
13         expected_ctc_lpa    0.048670
8   skills_match_percentage    0.048577
12         previous_ctc_lpa    0.032368
7       communication_score    0.030022
31   job_role_match_Matched    0.025435
6            aptitude_score    0.023959
2026-02-16 12:12:45,983 | INFO | src.models.train | Final RandomForest model saved at artifacts/models/final_random_forest_model.pkl
2026-02-16 12:12:45,986 | INFO | src.models.train | Saved REQUIRED_COLUMNS for inference at artifacts/required_columns.pkl
2026-02-16 12:12:46,010 | INFO | src.analytics.analytics | Generating business KPIs...
2026-02-16 12:12:46,023 | INFO | src.analytics.analytics | Business KPIs generated successfully
2026-02-16 12:12:46,024 | INFO | __main__ | Business KPIs: {'Total Candidates': 50124, 'Placement Rate (%)': np.float64(30.27), 'Average Interview Score': np.float64(198.13), 'Average Skills Match (%)': np.float64(73.94), 'High Risk Candidate (%)': 8.0, 'Offer Dropout Rate (%)': 1.26}
2026-02-16 12:12:46,024 | INFO | __main__ | Training completed. Best Model: RandomForestClassifier
2026-02-16 12:24:33,587 | INFO | src.models.predict | Loading trained model
2026-02-16 12:24:34,980 | INFO | src.models.predict | Model loaded successfully
2026-02-16 12:24:56,386 | INFO | src.models.predict | Loading trained model
2026-02-16 12:24:56,737 | INFO | src.models.predict | Model loaded successfully
2026-02-16 12:24:56,741 | INFO | src.models.predict | Running inference...
2026-02-16 12:25:08,408 | INFO | src.models.predict | Loading trained model
2026-02-16 12:25:08,745 | INFO | src.models.predict | Model loaded successfully
2026-02-16 12:25:11,012 | INFO | src.models.predict | Loading trained model
2026-02-16 12:25:11,363 | INFO | src.models.predict | Model loaded successfully
2026-02-16 12:25:12,734 | INFO | src.models.predict | Loading trained model
2026-02-16 12:25:13,063 | INFO | src.models.predict | Model loaded successfully
2026-02-16 12:25:15,181 | INFO | src.models.predict | Loading trained model
2026-02-16 12:25:15,544 | INFO | src.models.predict | Model loaded successfully
2026-02-16 12:25:17,670 | INFO | src.models.predict | Loading trained model
2026-02-16 12:25:18,003 | INFO | src.models.predict | Model loaded successfully
2026-02-16 12:25:20,849 | INFO | src.models.predict | Loading trained model
2026-02-16 12:25:21,188 | INFO | src.models.predict | Model loaded successfully
2026-02-16 12:25:21,193 | INFO | src.models.predict | Running inference...
2026-02-16 12:27:29,135 | INFO | src.models.predict | Loading trained model
2026-02-16 12:27:30,253 | INFO | src.models.predict | Model loaded successfully
2026-02-16 12:28:26,297 | INFO | src.models.predict | Loading trained model
2026-02-16 12:28:26,653 | INFO | src.models.predict | Model loaded successfully
2026-02-16 12:28:26,668 | INFO | src.models.predict | Running inference...
2026-02-16 12:28:26,713 | INFO | src.models.predict | Inference completed
2026-02-16 12:28:34,262 | INFO | src.models.predict | Loading trained model
2026-02-16 12:28:34,597 | INFO | src.models.predict | Model loaded successfully
2026-02-16 12:28:35,689 | INFO | src.models.predict | Loading trained model
2026-02-16 12:28:36,038 | INFO | src.models.predict | Model loaded successfully
2026-02-16 12:28:39,966 | INFO | src.models.predict | Loading trained model
2026-02-16 12:28:40,341 | INFO | src.models.predict | Model loaded successfully
2026-02-16 12:28:41,557 | INFO | src.models.predict | Loading trained model
2026-02-16 12:28:41,894 | INFO | src.models.predict | Model loaded successfully
2026-02-16 12:28:43,183 | INFO | src.models.predict | Loading trained model
2026-02-16 12:28:43,520 | INFO | src.models.predict | Model loaded successfully
2026-02-16 12:28:45,096 | INFO | src.models.predict | Loading trained model
2026-02-16 12:28:45,420 | INFO | src.models.predict | Model loaded successfully
2026-02-16 12:28:45,432 | INFO | src.models.predict | Running inference...
2026-02-16 12:28:45,472 | INFO | src.models.predict | Inference completed
2026-02-16 12:28:49,623 | INFO | src.models.predict | Loading trained model
2026-02-16 12:28:49,974 | INFO | src.models.predict | Model loaded successfully
2026-02-16 12:28:49,993 | INFO | src.models.predict | Running inference...
2026-02-16 12:28:50,046 | INFO | src.models.predict | Inference completed
2026-02-16 12:30:30,944 | INFO | src.models.predict | Loading trained model
2026-02-16 12:30:31,306 | INFO | src.models.predict | Model loaded successfully
2026-02-16 12:30:31,327 | INFO | src.models.predict | Running inference...
2026-02-16 12:30:31,386 | INFO | src.models.predict | Inference completed
2026-02-16 12:47:44,946 | INFO | src.models.predict | Loading trained model
2026-02-16 12:47:46,130 | INFO | src.models.predict | Model loaded successfully
2026-02-16 12:47:50,282 | INFO | src.models.predict | Loading trained model
2026-02-16 12:47:50,905 | INFO | src.models.predict | Model loaded successfully
2026-02-16 12:47:50,940 | INFO | src.models.predict | Running inference...
2026-02-16 12:47:51,036 | INFO | src.models.predict | Inference completed
2026-02-16 12:48:00,805 | INFO | src.models.predict | Loading trained model
2026-02-16 12:48:01,141 | INFO | src.models.predict | Model loaded successfully
2026-02-16 12:48:03,234 | INFO | src.models.predict | Loading trained model
2026-02-16 12:48:03,624 | INFO | src.models.predict | Model loaded successfully
2026-02-16 12:48:05,496 | INFO | src.models.predict | Loading trained model
2026-02-16 12:48:05,842 | INFO | src.models.predict | Model loaded successfully
2026-02-16 12:48:06,263 | INFO | src.models.predict | Loading trained model
2026-02-16 12:48:06,639 | INFO | src.models.predict | Model loaded successfully
2026-02-16 12:48:08,475 | INFO | src.models.predict | Loading trained model
2026-02-16 12:48:08,852 | INFO | src.models.predict | Model loaded successfully
2026-02-16 12:48:10,950 | INFO | src.models.predict | Loading trained model
2026-02-16 12:48:11,282 | INFO | src.models.predict | Model loaded successfully
2026-02-16 12:48:11,296 | INFO | src.models.predict | Running inference...
2026-02-16 12:48:11,335 | INFO | src.models.predict | Inference completed
2026-02-16 13:16:19,284 | INFO | src.models.predict | Loading final RandomForest model...
2026-02-16 13:16:20,636 | INFO | src.models.predict | Model loaded successfully.
2026-02-16 13:16:20,654 | INFO | src.models.predict | Loaded required columns for inference: ['age_years', 'gender', 'ssc_percentage', 'hsc_percentage', 'degree_percentage', 'technical_score', 'aptitude_score', 'communication_score', 'skills_match_percentage', 'certifications_count', 'internship_experience', 'years_of_experience', 'previous_ctc_lpa', 'expected_ctc_lpa', 'bond_requirement', 'notice_period_days', 'employment_gap_months', 'degree_specialization_Computer Science', 'degree_specialization_Electronics', 'degree_specialization_Information Technology', 'degree_specialization_Mechanical', 'degree_specialization_Others', 'career_switch_willingness_Not Willing', 'career_switch_willingness_Unknown', 'career_switch_willingness_Willing', 'relevant_experience_Not Relevant', 'relevant_experience_Relevant', 'relevant_experience_Unknown', 'company_tier_Tier 1', 'company_tier_Tier 2', 'company_tier_Tier 3', 'job_role_match_Matched', 'job_role_match_Not Matched', 'job_role_match_Unknown', 'competition_level_High', 'competition_level_Low', 'competition_level_Medium', 'layoff_history_No', 'layoff_history_Unknown', 'layoff_history_Yes', 'relocation_willingness_Not Willing', 'relocation_willingness_Unknown', 'relocation_willingness_Willing', 'interview_score', 'ssc_score', 'hsc_score', 'degree_score', 'academic_performance_score', 'placement_prob_score', 'company_tier_original_Tier 2', 'company_tier_original_Tier 3', 'competition_level_Low', 'competition_level_Medium', 'experience_category_Junior', 'experience_category_Senior', 'ssc_band_Average', 'ssc_band_Good', 'ssc_band_Excellent', 'hsc_band_Average', 'hsc_band_Good', 'hsc_band_Excellent', 'degree_band_Average', 'degree_band_Good', 'degree_band_Excellent', 'academic_performance_band_Average', 'academic_performance_band_Good', 'academic_performance_band_Excellent', 'skill_match_level_Medium', 'skill_match_level_High', 'interview_performance_Average', 'interview_performance_Good', 'interview_performance_Excellent', 'placement_prob_band_Medium', 'placement_prob_band_High']
2026-02-16 13:16:32,321 | INFO | src.models.predict | Loading final RandomForest model...
2026-02-16 13:16:32,757 | INFO | src.models.predict | Model loaded successfully.
2026-02-16 13:16:32,758 | INFO | src.models.predict | Loaded required columns for inference: ['age_years', 'gender', 'ssc_percentage', 'hsc_percentage', 'degree_percentage', 'technical_score', 'aptitude_score', 'communication_score', 'skills_match_percentage', 'certifications_count', 'internship_experience', 'years_of_experience', 'previous_ctc_lpa', 'expected_ctc_lpa', 'bond_requirement', 'notice_period_days', 'employment_gap_months', 'degree_specialization_Computer Science', 'degree_specialization_Electronics', 'degree_specialization_Information Technology', 'degree_specialization_Mechanical', 'degree_specialization_Others', 'career_switch_willingness_Not Willing', 'career_switch_willingness_Unknown', 'career_switch_willingness_Willing', 'relevant_experience_Not Relevant', 'relevant_experience_Relevant', 'relevant_experience_Unknown', 'company_tier_Tier 1', 'company_tier_Tier 2', 'company_tier_Tier 3', 'job_role_match_Matched', 'job_role_match_Not Matched', 'job_role_match_Unknown', 'competition_level_High', 'competition_level_Low', 'competition_level_Medium', 'layoff_history_No', 'layoff_history_Unknown', 'layoff_history_Yes', 'relocation_willingness_Not Willing', 'relocation_willingness_Unknown', 'relocation_willingness_Willing', 'interview_score', 'ssc_score', 'hsc_score', 'degree_score', 'academic_performance_score', 'placement_prob_score', 'company_tier_original_Tier 2', 'company_tier_original_Tier 3', 'competition_level_Low', 'competition_level_Medium', 'experience_category_Junior', 'experience_category_Senior', 'ssc_band_Average', 'ssc_band_Good', 'ssc_band_Excellent', 'hsc_band_Average', 'hsc_band_Good', 'hsc_band_Excellent', 'degree_band_Average', 'degree_band_Good', 'degree_band_Excellent', 'academic_performance_band_Average', 'academic_performance_band_Good', 'academic_performance_band_Excellent', 'skill_match_level_Medium', 'skill_match_level_High', 'interview_performance_Average', 'interview_performance_Good', 'interview_performance_Excellent', 'placement_prob_band_Medium', 'placement_prob_band_High']
2026-02-16 13:16:33,411 | INFO | src.models.predict | Loading final RandomForest model...
2026-02-16 13:16:33,867 | INFO | src.models.predict | Model loaded successfully.
2026-02-16 13:16:33,868 | INFO | src.models.predict | Loaded required columns for inference: ['age_years', 'gender', 'ssc_percentage', 'hsc_percentage', 'degree_percentage', 'technical_score', 'aptitude_score', 'communication_score', 'skills_match_percentage', 'certifications_count', 'internship_experience', 'years_of_experience', 'previous_ctc_lpa', 'expected_ctc_lpa', 'bond_requirement', 'notice_period_days', 'employment_gap_months', 'degree_specialization_Computer Science', 'degree_specialization_Electronics', 'degree_specialization_Information Technology', 'degree_specialization_Mechanical', 'degree_specialization_Others', 'career_switch_willingness_Not Willing', 'career_switch_willingness_Unknown', 'career_switch_willingness_Willing', 'relevant_experience_Not Relevant', 'relevant_experience_Relevant', 'relevant_experience_Unknown', 'company_tier_Tier 1', 'company_tier_Tier 2', 'company_tier_Tier 3', 'job_role_match_Matched', 'job_role_match_Not Matched', 'job_role_match_Unknown', 'competition_level_High', 'competition_level_Low', 'competition_level_Medium', 'layoff_history_No', 'layoff_history_Unknown', 'layoff_history_Yes', 'relocation_willingness_Not Willing', 'relocation_willingness_Unknown', 'relocation_willingness_Willing', 'interview_score', 'ssc_score', 'hsc_score', 'degree_score', 'academic_performance_score', 'placement_prob_score', 'company_tier_original_Tier 2', 'company_tier_original_Tier 3', 'competition_level_Low', 'competition_level_Medium', 'experience_category_Junior', 'experience_category_Senior', 'ssc_band_Average', 'ssc_band_Good', 'ssc_band_Excellent', 'hsc_band_Average', 'hsc_band_Good', 'hsc_band_Excellent', 'degree_band_Average', 'degree_band_Good', 'degree_band_Excellent', 'academic_performance_band_Average', 'academic_performance_band_Good', 'academic_performance_band_Excellent', 'skill_match_level_Medium', 'skill_match_level_High', 'interview_performance_Average', 'interview_performance_Good', 'interview_performance_Excellent', 'placement_prob_band_Medium', 'placement_prob_band_High']
2026-02-16 13:16:33,992 | INFO | src.models.predict | Loading final RandomForest model...
2026-02-16 13:16:34,291 | INFO | src.models.predict | Model loaded successfully.
2026-02-16 13:16:34,292 | INFO | src.models.predict | Loaded required columns for inference: ['age_years', 'gender', 'ssc_percentage', 'hsc_percentage', 'degree_percentage', 'technical_score', 'aptitude_score', 'communication_score', 'skills_match_percentage', 'certifications_count', 'internship_experience', 'years_of_experience', 'previous_ctc_lpa', 'expected_ctc_lpa', 'bond_requirement', 'notice_period_days', 'employment_gap_months', 'degree_specialization_Computer Science', 'degree_specialization_Electronics', 'degree_specialization_Information Technology', 'degree_specialization_Mechanical', 'degree_specialization_Others', 'career_switch_willingness_Not Willing', 'career_switch_willingness_Unknown', 'career_switch_willingness_Willing', 'relevant_experience_Not Relevant', 'relevant_experience_Relevant', 'relevant_experience_Unknown', 'company_tier_Tier 1', 'company_tier_Tier 2', 'company_tier_Tier 3', 'job_role_match_Matched', 'job_role_match_Not Matched', 'job_role_match_Unknown', 'competition_level_High', 'competition_level_Low', 'competition_level_Medium', 'layoff_history_No', 'layoff_history_Unknown', 'layoff_history_Yes', 'relocation_willingness_Not Willing', 'relocation_willingness_Unknown', 'relocation_willingness_Willing', 'interview_score', 'ssc_score', 'hsc_score', 'degree_score', 'academic_performance_score', 'placement_prob_score', 'company_tier_original_Tier 2', 'company_tier_original_Tier 3', 'competition_level_Low', 'competition_level_Medium', 'experience_category_Junior', 'experience_category_Senior', 'ssc_band_Average', 'ssc_band_Good', 'ssc_band_Excellent', 'hsc_band_Average', 'hsc_band_Good', 'hsc_band_Excellent', 'degree_band_Average', 'degree_band_Good', 'degree_band_Excellent', 'academic_performance_band_Average', 'academic_performance_band_Good', 'academic_performance_band_Excellent', 'skill_match_level_Medium', 'skill_match_level_High', 'interview_performance_Average', 'interview_performance_Good', 'interview_performance_Excellent', 'placement_prob_band_Medium', 'placement_prob_band_High']
2026-02-16 13:16:34,500 | INFO | src.models.predict | Loading final RandomForest model...
2026-02-16 13:16:34,842 | INFO | src.models.predict | Model loaded successfully.
2026-02-16 13:16:34,844 | INFO | src.models.predict | Loaded required columns for inference: ['age_years', 'gender', 'ssc_percentage', 'hsc_percentage', 'degree_percentage', 'technical_score', 'aptitude_score', 'communication_score', 'skills_match_percentage', 'certifications_count', 'internship_experience', 'years_of_experience', 'previous_ctc_lpa', 'expected_ctc_lpa', 'bond_requirement', 'notice_period_days', 'employment_gap_months', 'degree_specialization_Computer Science', 'degree_specialization_Electronics', 'degree_specialization_Information Technology', 'degree_specialization_Mechanical', 'degree_specialization_Others', 'career_switch_willingness_Not Willing', 'career_switch_willingness_Unknown', 'career_switch_willingness_Willing', 'relevant_experience_Not Relevant', 'relevant_experience_Relevant', 'relevant_experience_Unknown', 'company_tier_Tier 1', 'company_tier_Tier 2', 'company_tier_Tier 3', 'job_role_match_Matched', 'job_role_match_Not Matched', 'job_role_match_Unknown', 'competition_level_High', 'competition_level_Low', 'competition_level_Medium', 'layoff_history_No', 'layoff_history_Unknown', 'layoff_history_Yes', 'relocation_willingness_Not Willing', 'relocation_willingness_Unknown', 'relocation_willingness_Willing', 'interview_score', 'ssc_score', 'hsc_score', 'degree_score', 'academic_performance_score', 'placement_prob_score', 'company_tier_original_Tier 2', 'company_tier_original_Tier 3', 'competition_level_Low', 'competition_level_Medium', 'experience_category_Junior', 'experience_category_Senior', 'ssc_band_Average', 'ssc_band_Good', 'ssc_band_Excellent', 'hsc_band_Average', 'hsc_band_Good', 'hsc_band_Excellent', 'degree_band_Average', 'degree_band_Good', 'degree_band_Excellent', 'academic_performance_band_Average', 'academic_performance_band_Good', 'academic_performance_band_Excellent', 'skill_match_level_Medium', 'skill_match_level_High', 'interview_performance_Average', 'interview_performance_Good', 'interview_performance_Excellent', 'placement_prob_band_Medium', 'placement_prob_band_High']
2026-02-16 13:16:36,318 | INFO | src.models.predict | Loading final RandomForest model...
2026-02-16 13:16:36,659 | INFO | src.models.predict | Model loaded successfully.
2026-02-16 13:16:36,661 | INFO | src.models.predict | Loaded required columns for inference: ['age_years', 'gender', 'ssc_percentage', 'hsc_percentage', 'degree_percentage', 'technical_score', 'aptitude_score', 'communication_score', 'skills_match_percentage', 'certifications_count', 'internship_experience', 'years_of_experience', 'previous_ctc_lpa', 'expected_ctc_lpa', 'bond_requirement', 'notice_period_days', 'employment_gap_months', 'degree_specialization_Computer Science', 'degree_specialization_Electronics', 'degree_specialization_Information Technology', 'degree_specialization_Mechanical', 'degree_specialization_Others', 'career_switch_willingness_Not Willing', 'career_switch_willingness_Unknown', 'career_switch_willingness_Willing', 'relevant_experience_Not Relevant', 'relevant_experience_Relevant', 'relevant_experience_Unknown', 'company_tier_Tier 1', 'company_tier_Tier 2', 'company_tier_Tier 3', 'job_role_match_Matched', 'job_role_match_Not Matched', 'job_role_match_Unknown', 'competition_level_High', 'competition_level_Low', 'competition_level_Medium', 'layoff_history_No', 'layoff_history_Unknown', 'layoff_history_Yes', 'relocation_willingness_Not Willing', 'relocation_willingness_Unknown', 'relocation_willingness_Willing', 'interview_score', 'ssc_score', 'hsc_score', 'degree_score', 'academic_performance_score', 'placement_prob_score', 'company_tier_original_Tier 2', 'company_tier_original_Tier 3', 'competition_level_Low', 'competition_level_Medium', 'experience_category_Junior', 'experience_category_Senior', 'ssc_band_Average', 'ssc_band_Good', 'ssc_band_Excellent', 'hsc_band_Average', 'hsc_band_Good', 'hsc_band_Excellent', 'degree_band_Average', 'degree_band_Good', 'degree_band_Excellent', 'academic_performance_band_Average', 'academic_performance_band_Good', 'academic_performance_band_Excellent', 'skill_match_level_Medium', 'skill_match_level_High', 'interview_performance_Average', 'interview_performance_Good', 'interview_performance_Excellent', 'placement_prob_band_Medium', 'placement_prob_band_High']
2026-02-16 13:16:37,716 | INFO | src.models.predict | Loading final RandomForest model...
2026-02-16 13:16:38,032 | INFO | src.models.predict | Model loaded successfully.
2026-02-16 13:16:38,033 | INFO | src.models.predict | Loaded required columns for inference: ['age_years', 'gender', 'ssc_percentage', 'hsc_percentage', 'degree_percentage', 'technical_score', 'aptitude_score', 'communication_score', 'skills_match_percentage', 'certifications_count', 'internship_experience', 'years_of_experience', 'previous_ctc_lpa', 'expected_ctc_lpa', 'bond_requirement', 'notice_period_days', 'employment_gap_months', 'degree_specialization_Computer Science', 'degree_specialization_Electronics', 'degree_specialization_Information Technology', 'degree_specialization_Mechanical', 'degree_specialization_Others', 'career_switch_willingness_Not Willing', 'career_switch_willingness_Unknown', 'career_switch_willingness_Willing', 'relevant_experience_Not Relevant', 'relevant_experience_Relevant', 'relevant_experience_Unknown', 'company_tier_Tier 1', 'company_tier_Tier 2', 'company_tier_Tier 3', 'job_role_match_Matched', 'job_role_match_Not Matched', 'job_role_match_Unknown', 'competition_level_High', 'competition_level_Low', 'competition_level_Medium', 'layoff_history_No', 'layoff_history_Unknown', 'layoff_history_Yes', 'relocation_willingness_Not Willing', 'relocation_willingness_Unknown', 'relocation_willingness_Willing', 'interview_score', 'ssc_score', 'hsc_score', 'degree_score', 'academic_performance_score', 'placement_prob_score', 'company_tier_original_Tier 2', 'company_tier_original_Tier 3', 'competition_level_Low', 'competition_level_Medium', 'experience_category_Junior', 'experience_category_Senior', 'ssc_band_Average', 'ssc_band_Good', 'ssc_band_Excellent', 'hsc_band_Average', 'hsc_band_Good', 'hsc_band_Excellent', 'degree_band_Average', 'degree_band_Good', 'degree_band_Excellent', 'academic_performance_band_Average', 'academic_performance_band_Good', 'academic_performance_band_Excellent', 'skill_match_level_Medium', 'skill_match_level_High', 'interview_performance_Average', 'interview_performance_Good', 'interview_performance_Excellent', 'placement_prob_band_Medium', 'placement_prob_band_High']
2026-02-16 13:16:38,046 | INFO | src.models.predict | Running placement prediction...
2026-02-16 13:16:38,069 | INFO | src.models.predict | Prediction completed: ['Not Placed']
2026-02-16 14:38:56,809 | INFO | __main__ | Loading train data from: data/processed/train_raw.csv
2026-02-16 14:40:17,544 | INFO | __main__ | Loading train data from: data/processed/train_raw.csv
2026-02-16 14:54:09,770 | INFO | __main__ | Loading train data from: data/processed/train_raw.csv
2026-02-16 14:58:10,195 | INFO | __main__ | Loading train data from: data/processed/train_raw.csv
2026-02-16 14:58:10,307 | INFO | __main__ | Training RandomForest on top 5 features: ['technical_score', 'years_of_experience', 'aptitude_score', 'skills_match_percentage', 'communication_score']
2026-02-16 14:58:10,307 | INFO | __main__ | Training RandomForestClassifier on top features
2026-02-16 14:58:24,927 | INFO | __main__ | RandomForest training completed.
2026-02-16 14:58:26,063 | INFO | __main__ | Top-Feature RandomForest Accuracy: 0.9894
2026-02-16 14:58:26,064 | INFO | __main__ | Top-Feature RandomForest F1 Score: 0.9823
2026-02-16 14:58:26,211 | INFO | __main__ | Model saved at: artifacts/models/final_rf_top_features.pkl
2026-02-16 14:58:26,212 | INFO | __main__ | Required columns saved at: artifacts/required_columns_top_features.pkl
2026-02-16 14:58:26,213 | INFO | __main__ | train_top_features.py completed successfully.
2026-02-16 15:00:02,077 | INFO | src.models.predict | Loaded Top-Feature RandomForest model and required columns successfully.
2026-02-16 15:00:08,887 | INFO | src.models.predict | Loaded Top-Feature RandomForest model and required columns successfully.
2026-02-16 15:08:40,354 | INFO | src.models.predict | Loaded Top-Feature RandomForest model and required columns successfully.
2026-02-16 15:10:57,997 | INFO | __main__ | ML Pipeline started
2026-02-16 15:10:58,002 | INFO | src.data.data_load | Loading data from data/raw/HR_Job_Placement_Dataset.csv
2026-02-16 15:10:58,137 | INFO | src.data.data_load | Data loaded successfully from data/raw/HR_Job_Placement_Dataset.csv, shape: (51500, 26)
2026-02-16 15:10:58,137 | INFO | src.data.data_cleaning | starting data cleaning process....
2026-02-16 15:10:58,264 | INFO | src.data.data_cleaning | Data cleaning completed
2026-02-16 15:10:58,264 | INFO | src.data.data_preprocess | Starting data preprocessing (encoding)....
2026-02-16 15:10:58,312 | INFO | src.data.data_preprocess | Data preprocessing (encoding) completed
2026-02-16 15:10:58,314 | INFO | eda.eda | Starting EDA...
2026-02-16 15:10:59,016 | INFO | matplotlib.category | Using categorical units to plot a list of strings that are all parsable as floats or dates. If these strings should be plotted as numbers, cast to the appropriate data type before plotting.
2026-02-16 15:10:59,042 | INFO | matplotlib.category | Using categorical units to plot a list of strings that are all parsable as floats or dates. If these strings should be plotted as numbers, cast to the appropriate data type before plotting.
2026-02-16 15:10:59,140 | INFO | eda.eda | Saved: eda_plots\Interview score vs job acceptance.png
2026-02-16 15:10:59,260 | INFO | matplotlib.category | Using categorical units to plot a list of strings that are all parsable as floats or dates. If these strings should be plotted as numbers, cast to the appropriate data type before plotting.
2026-02-16 15:10:59,283 | INFO | matplotlib.category | Using categorical units to plot a list of strings that are all parsable as floats or dates. If these strings should be plotted as numbers, cast to the appropriate data type before plotting.
2026-02-16 15:10:59,339 | INFO | eda.eda | Saved: eda_plots\Skills Match Percentage vs Job Placement.png
2026-02-16 15:10:59,514 | INFO | eda.eda | Saved: eda_plots\Acceptance Rate by Company Tier.png
2026-02-16 15:10:59,627 | INFO | eda.eda | Saved: eda_plots\Placement Probability vs Years of Experience.png
2026-02-16 15:10:59,763 | INFO | eda.eda | Saved: eda_plots\Competition level vs job acceptance.png
2026-02-16 15:11:01,539 | INFO | eda.eda | Saved: eda_plots\Correlation Matrix of Numeric Features.png
2026-02-16 15:11:01,540 | INFO | eda.eda | EDA analysis completed successfully
2026-02-16 15:11:01,540 | INFO | src.features.feature_engineering | Starting feature engineering...
2026-02-16 15:11:02,000 | INFO | src.features.feature_engineering | Saved: fe_plots\Experience Category vs Placement Probability.png
2026-02-16 15:11:02,504 | INFO | src.features.feature_engineering | Saved: fe_plots\Academic Performance vs Placement Probability.png
2026-02-16 15:11:02,625 | INFO | src.features.feature_engineering | Saved: fe_plots\Skills match level.png
2026-02-16 15:11:02,742 | INFO | src.features.feature_engineering | Saved: fe_plots\Interview performance category.png
2026-02-16 15:11:02,743 | INFO | src.data.feature_scaling | Scaling features: ['communication_score', 'technical_score', 'skills_match_percentage', 'interview_score', 'years_of_experience']...
2026-02-16 15:11:02,748 | INFO | src.data.feature_scaling | Feature scaling completed
2026-02-16 15:11:03,215 | INFO | src.features.feature_engineering | Saved: fe_plots\Placement Probability Score.png
2026-02-16 15:11:03,216 | INFO | src.features.feature_engineering | Feature engineering completed successfully
2026-02-16 15:11:03,415 | INFO | src.data.split | Splitting data into train and test sets
2026-02-16 15:11:03,463 | INFO | src.data.split | Split completed: Train=(40099, 74), Test=(10025, 74)
2026-02-16 15:11:05,668 | INFO | src.data.split | Train data saved at data/processed/processed_dataset.csv\train_raw.csv
2026-02-16 15:11:05,681 | INFO | src.data.split | Test data saved at data/processed/processed_dataset.csv\test_raw.csv
2026-02-16 15:11:05,688 | INFO | src.models.train | Training LogisticRegression
2026-02-16 15:11:11,986 | INFO | src.models.evaluate | Evaluating model: LogisticRegression
2026-02-16 15:11:12,000 | INFO | src.models.evaluate | LogisticRegression Accuracy: 0.8746
2026-02-16 15:11:12,001 | INFO | src.models.evaluate | LogisticRegression F1 Score: 0.8735
2026-02-16 15:11:12,001 | INFO | src.models.evaluate | LogisticRegression report: {'0.0': {'precision': 0.9006659267480577, 'recall': 0.9230769230769231, 'f1-score': 0.9117337265641458, 'support': 7033.0}, '1.0': {'precision': 0.8079517216897408, 'recall': 0.7606951871657754, 'f1-score': 0.7836116371148218, 'support': 2992.0}, 'accuracy': 0.8746134663341646, 'macro avg': {'precision': 0.8543088242188992, 'recall': 0.8418860551213493, 'f1-score': 0.8476726818394837, 'support': 10025.0}, 'weighted avg': {'precision': 0.8729950138767876, 'recall': 0.8746134663341646, 'f1-score': 0.873495193732986, 'support': 10025.0}}
2026-02-16 15:11:12,002 | INFO | src.models.train | Training decision tree
2026-02-16 15:11:12,722 | INFO | src.models.evaluate | Evaluating model: decision tree
2026-02-16 15:11:12,732 | INFO | src.models.evaluate | decision tree Accuracy: 0.8356
2026-02-16 15:11:12,732 | INFO | src.models.evaluate | decision tree F1 Score: 0.8364
2026-02-16 15:11:12,732 | INFO | src.models.evaluate | decision tree report: {'0.0': {'precision': 0.8886964053702902, 'recall': 0.8753021470211858, 'f1-score': 0.8819484240687679, 'support': 7033.0}, '1.0': {'precision': 0.7169141381536475, 'recall': 0.7423128342245989, 'f1-score': 0.729392446633826, 'support': 2992.0}, 'accuracy': 0.8356109725685785, 'macro avg': {'precision': 0.8028052717619688, 'recall': 0.8088074906228924, 'f1-score': 0.8056704353512969, 'support': 10025.0}, 'weighted avg': {'precision': 0.8374273237231884, 'recall': 0.8356109725685785, 'f1-score': 0.8364175029230975, 'support': 10025.0}}
2026-02-16 15:11:12,734 | INFO | src.models.train | Training RandomForest
2026-02-16 15:11:26,692 | INFO | src.models.evaluate | Evaluating model: RandomForest
2026-02-16 15:11:26,702 | INFO | src.models.evaluate | RandomForest Accuracy: 0.8902
2026-02-16 15:11:26,702 | INFO | src.models.evaluate | RandomForest F1 Score: 0.8876
2026-02-16 15:11:26,703 | INFO | src.models.evaluate | RandomForest report: {'0.0': {'precision': 0.8979071639388247, 'recall': 0.9516564766102659, 'f1-score': 0.9240008283288466, 'support': 7033.0}, '1.0': {'precision': 0.867755737067289, 'recall': 0.7456550802139037, 'f1-score': 0.8020852058241956, 'support': 2992.0}, 'accuracy': 0.8901745635910224, 'macro avg': {'precision': 0.8828314505030569, 'recall': 0.8486557784120847, 'f1-score': 0.8630430170765211, 'support': 10025.0}, 'weighted avg': {'precision': 0.8889083540435994, 'recall': 0.8901745635910224, 'f1-score': 0.8876146395474086, 'support': 10025.0}}
2026-02-16 15:11:26,706 | INFO | src.models.train | Training knn
2026-02-16 15:11:30,200 | INFO | src.models.evaluate | Evaluating model: knn
2026-02-16 15:11:30,216 | INFO | src.models.evaluate | knn Accuracy: 0.7303
2026-02-16 15:11:30,216 | INFO | src.models.evaluate | knn F1 Score: 0.7265
2026-02-16 15:11:30,217 | INFO | src.models.evaluate | knn report: {'0.0': {'precision': 0.7966287515417295, 'recall': 0.8265320631309541, 'f1-score': 0.8113049546406141, 'support': 7033.0}, '1.0': {'precision': 0.5527859237536656, 'recall': 0.5040106951871658, 'f1-score': 0.5272727272727272, 'support': 2992.0}, 'accuracy': 0.7302743142144639, 'macro avg': {'precision': 0.6747073376476975, 'recall': 0.6652713791590599, 'f1-score': 0.6692888409566706, 'support': 10025.0}, 'weighted avg': {'precision': 0.7238529170537608, 'recall': 0.7302743142144639, 'f1-score': 0.7265344385024877, 'support': 10025.0}}
2026-02-16 15:11:30,218 | INFO | src.models.train | Best model: RandomForest with F1: 0.8876
2026-02-16 15:13:56,601 | INFO | src.models.train | Best RF params: {'max_depth': 20, 'max_features': 'sqrt', 'min_samples_split': 2, 'n_estimators': 300}, CV accuracy: 0.8917
2026-02-16 15:14:16,128 | INFO | src.models.evaluate | Evaluating model: RandomForest_Final
2026-02-16 15:14:16,138 | INFO | src.models.evaluate | RandomForest_Final Accuracy: 0.8927
2026-02-16 15:14:16,139 | INFO | src.models.evaluate | RandomForest_Final F1 Score: 0.8908
2026-02-16 15:14:16,139 | INFO | src.models.evaluate | RandomForest_Final report: {'0.0': {'precision': 0.9051829683036322, 'recall': 0.9461111901037964, 'f1-score': 0.925194660734149, 'support': 7033.0}, '1.0': {'precision': 0.8582647718773373, 'recall': 0.7670454545454546, 'f1-score': 0.8100953053300388, 'support': 2992.0}, 'accuracy': 0.8926683291770574, 'macro avg': {'precision': 0.8817238700904848, 'recall': 0.8565783223246255, 'f1-score': 0.8676449830320939, 'support': 10025.0}, 'weighted avg': {'precision': 0.8911800512255798, 'recall': 0.8926683291770574, 'f1-score': 0.8908428132160344, 'support': 10025.0}}
2026-02-16 15:14:16,141 | INFO | src.visuals.plots | Generating confusion matrix
2026-02-16 15:14:16,377 | INFO | src.visuals.plots | Saved: artifacts/reports/confusion_matrix.png\Confusion Matrix.png
2026-02-16 15:14:16,377 | INFO | src.visuals.plots | Confusion matrix saved at artifacts/reports/confusion_matrix.png
2026-02-16 15:14:18,667 | INFO | src.models.train | Train Accuracy: 0.9995, Test Accuracy: 0.8927
2026-02-16 15:14:18,710 | INFO | src.models.train | Top features:
                    feature  importance
5           technical_score    0.149387
48     placement_prob_score    0.143112
11      years_of_experience    0.065300
43          interview_score    0.058683
13         expected_ctc_lpa    0.048670
8   skills_match_percentage    0.048577
12         previous_ctc_lpa    0.032368
7       communication_score    0.030022
31   job_role_match_Matched    0.025435
6            aptitude_score    0.023959
2026-02-16 15:14:18,868 | INFO | src.models.train | Final RandomForest model saved at artifacts/models/final_random_forest_model.pkl
2026-02-16 15:14:18,870 | INFO | src.models.train | Saved REQUIRED_COLUMNS for inference at artifacts/required_columns.pkl
2026-02-16 15:14:18,901 | INFO | src.analytics.analytics | Generating business KPIs...
2026-02-16 15:14:18,925 | INFO | src.analytics.analytics | Business KPIs generated successfully
2026-02-16 15:14:18,926 | INFO | __main__ | Business KPIs: {'Total Candidates': 50124, 'Placement Rate (%)': np.float64(30.27), 'Average Interview Score': np.float64(198.13), 'Average Skills Match (%)': np.float64(73.94), 'High Risk Candidate (%)': 8.0, 'Offer Dropout Rate (%)': 1.26}
2026-02-16 15:14:18,927 | INFO | __main__ | Training completed. Best Model: RandomForestClassifier
2026-02-16 15:26:19,501 | INFO | __main__ | Loading train data from: data/processed/train_raw.csv
2026-02-16 15:26:19,600 | INFO | __main__ | Training RandomForest on top 5 features: ['technical_score', 'years_of_experience', 'aptitude_score', 'skills_match_percentage', 'communication_score']
2026-02-16 15:26:19,601 | INFO | __main__ | Training RandomForestClassifier on top features
2026-02-16 15:26:33,683 | INFO | __main__ | RandomForest training completed.
2026-02-16 15:26:34,796 | INFO | __main__ | Top-Feature RandomForest Accuracy: 0.9894
2026-02-16 15:26:34,797 | INFO | __main__ | Top-Feature RandomForest F1 Score: 0.9823
2026-02-16 15:26:34,947 | INFO | __main__ | Model saved at: artifacts/models/final_rf_top_features.pkl
2026-02-16 15:26:34,947 | INFO | __main__ | Required columns saved at: artifacts/required_columns_top_features.pkl
2026-02-16 15:26:34,948 | INFO | __main__ | train_top_features.py completed successfully.
2026-02-16 15:31:12,156 | INFO | src.models.predict | Loaded Top-Feature RandomForest model and required columns successfully.
2026-02-16 15:34:53,766 | INFO | src.models.predict | Loaded Top-Feature RandomForest model and required columns successfully.
2026-02-16 15:34:54,328 | INFO | src.analytics.analytics | Generating business KPIs...
2026-02-16 16:59:28,711 | INFO | __main__ | ML Pipeline started
2026-02-16 16:59:28,714 | INFO | src.data.data_load | Loading data from data/raw/HR_Job_Placement_Dataset.csv
2026-02-16 16:59:28,863 | INFO | src.data.data_load | Data loaded successfully from data/raw/HR_Job_Placement_Dataset.csv, shape: (51500, 26)
2026-02-16 16:59:28,864 | INFO | src.data.data_cleaning | starting data cleaning process....
2026-02-16 16:59:28,995 | INFO | src.data.data_cleaning | Data cleaning completed
2026-02-16 16:59:28,995 | INFO | eda.eda | Starting EDA...
2026-02-16 16:59:29,366 | INFO | eda.eda | Saved: eda_plots\Interview score vs job acceptance.png
2026-02-16 16:59:29,543 | INFO | eda.eda | Saved: eda_plots\Skills Match Percentage vs Job Placement.png
2026-02-16 17:00:22,058 | INFO | __main__ | ML Pipeline started
2026-02-16 17:00:22,060 | INFO | src.data.data_load | Loading data from data/raw/HR_Job_Placement_Dataset.csv
2026-02-16 17:00:22,186 | INFO | src.data.data_load | Data loaded successfully from data/raw/HR_Job_Placement_Dataset.csv, shape: (51500, 26)
2026-02-16 17:00:22,186 | INFO | src.data.data_cleaning | starting data cleaning process....
2026-02-16 17:00:22,306 | INFO | src.data.data_cleaning | Data cleaning completed
2026-02-16 17:00:22,307 | INFO | eda.eda | Starting EDA...
2026-02-16 17:00:22,572 | INFO | eda.eda | Saved: eda_plots\Interview score vs job acceptance.png
2026-02-16 17:00:22,755 | INFO | eda.eda | Saved: eda_plots\Skills Match Percentage vs Job Placement.png
2026-02-16 17:02:13,541 | INFO | __main__ | ML Pipeline started
2026-02-16 17:02:13,544 | INFO | src.data.data_load | Loading data from data/raw/HR_Job_Placement_Dataset.csv
2026-02-16 17:02:13,660 | INFO | src.data.data_load | Data loaded successfully from data/raw/HR_Job_Placement_Dataset.csv, shape: (51500, 26)
2026-02-16 17:02:13,660 | INFO | src.data.data_cleaning | starting data cleaning process....
2026-02-16 17:02:13,781 | INFO | src.data.data_cleaning | Data cleaning completed
2026-02-16 17:02:13,782 | INFO | src.data.data_preprocess | Starting data preprocessing (encoding)....
2026-02-16 17:02:13,830 | INFO | src.data.data_preprocess | Data preprocessing (encoding) completed
2026-02-16 17:02:13,833 | INFO | eda.eda | Starting EDA...
2026-02-16 17:02:14,002 | INFO | matplotlib.category | Using categorical units to plot a list of strings that are all parsable as floats or dates. If these strings should be plotted as numbers, cast to the appropriate data type before plotting.
2026-02-16 17:02:14,022 | INFO | matplotlib.category | Using categorical units to plot a list of strings that are all parsable as floats or dates. If these strings should be plotted as numbers, cast to the appropriate data type before plotting.
2026-02-16 17:02:14,099 | INFO | eda.eda | Saved: eda_plots\Interview score vs job acceptance.png
2026-02-16 17:02:14,196 | INFO | matplotlib.category | Using categorical units to plot a list of strings that are all parsable as floats or dates. If these strings should be plotted as numbers, cast to the appropriate data type before plotting.
2026-02-16 17:02:14,217 | INFO | matplotlib.category | Using categorical units to plot a list of strings that are all parsable as floats or dates. If these strings should be plotted as numbers, cast to the appropriate data type before plotting.
2026-02-16 17:02:14,276 | INFO | eda.eda | Saved: eda_plots\Skills Match Percentage vs Job Placement.png
2026-02-16 17:02:14,436 | INFO | eda.eda | Saved: eda_plots\Acceptance Rate by Company Tier.png
2026-02-16 17:02:14,555 | INFO | eda.eda | Saved: eda_plots\Placement Probability vs Years of Experience.png
2026-02-16 17:02:14,698 | INFO | eda.eda | Saved: eda_plots\Competition level vs job acceptance.png
2026-02-16 17:02:16,505 | INFO | eda.eda | Saved: eda_plots\Correlation Matrix of Numeric Features.png
2026-02-16 17:02:16,505 | INFO | eda.eda | EDA analysis completed successfully
2026-02-16 17:02:16,506 | INFO | src.features.feature_engineering | Starting feature engineering...
2026-02-16 17:02:16,989 | INFO | src.features.feature_engineering | Saved: fe_plots\Experience Category vs Placement Probability.png
2026-02-16 17:02:17,522 | INFO | src.features.feature_engineering | Saved: fe_plots\Academic Performance vs Placement Probability.png
2026-02-16 17:02:17,679 | INFO | src.features.feature_engineering | Saved: fe_plots\Skills match level.png
2026-02-16 17:02:17,814 | INFO | src.features.feature_engineering | Saved: fe_plots\Interview performance category.png
2026-02-16 17:02:17,815 | INFO | src.data.feature_scaling | Scaling features: ['communication_score', 'technical_score', 'skills_match_percentage', 'interview_score', 'years_of_experience']...
2026-02-16 17:02:17,823 | INFO | src.data.feature_scaling | Feature scaling completed
2026-02-16 17:02:18,325 | INFO | src.features.feature_engineering | Saved: fe_plots\Placement Probability Score.png
2026-02-16 17:02:18,325 | INFO | src.features.feature_engineering | Feature engineering completed successfully
2026-02-16 17:02:18,412 | INFO | src.data.split | Splitting data into train and test sets
2026-02-16 17:02:18,461 | INFO | src.data.split | Split completed: Train=(40099, 59), Test=(10025, 59)
2026-02-16 17:02:19,766 | INFO | src.data.split | Train data saved at data/processed/processed_dataset.csv\train_raw.csv
2026-02-16 17:02:19,767 | INFO | src.data.split | Test data saved at data/processed/processed_dataset.csv\test_raw.csv
2026-02-16 17:02:19,772 | INFO | src.models.train | Training LogisticRegression
2026-02-16 17:07:26,629 | INFO | __main__ | ML Pipeline started
2026-02-16 17:07:26,633 | INFO | src.data.data_load | Loading data from data/raw/HR_Job_Placement_Dataset.csv
2026-02-16 17:07:26,756 | INFO | src.data.data_load | Data loaded successfully from data/raw/HR_Job_Placement_Dataset.csv, shape: (51500, 26)
2026-02-16 17:07:26,756 | INFO | src.data.data_cleaning | starting data cleaning process....
2026-02-16 17:07:26,878 | INFO | src.data.data_cleaning | Data cleaning completed
2026-02-16 17:07:26,879 | INFO | eda.eda | Starting EDA...
2026-02-16 17:07:27,049 | INFO | matplotlib.category | Using categorical units to plot a list of strings that are all parsable as floats or dates. If these strings should be plotted as numbers, cast to the appropriate data type before plotting.
2026-02-16 17:07:27,070 | INFO | matplotlib.category | Using categorical units to plot a list of strings that are all parsable as floats or dates. If these strings should be plotted as numbers, cast to the appropriate data type before plotting.
2026-02-16 17:07:27,143 | INFO | eda.eda | Saved: eda_plots\Interview score vs job acceptance.png
2026-02-16 17:07:27,244 | INFO | matplotlib.category | Using categorical units to plot a list of strings that are all parsable as floats or dates. If these strings should be plotted as numbers, cast to the appropriate data type before plotting.
2026-02-16 17:07:27,267 | INFO | matplotlib.category | Using categorical units to plot a list of strings that are all parsable as floats or dates. If these strings should be plotted as numbers, cast to the appropriate data type before plotting.
2026-02-16 17:07:27,325 | INFO | eda.eda | Saved: eda_plots\Skills Match Percentage vs Job Placement.png
2026-02-16 17:07:27,450 | INFO | eda.eda | Saved: eda_plots\Placement Probability vs Years of Experience.png
2026-02-16 17:07:28,062 | INFO | eda.eda | Saved: eda_plots\Correlation Matrix of Numeric Features.png
2026-02-16 17:07:28,063 | INFO | eda.eda | EDA analysis completed successfully
2026-02-16 17:07:28,063 | INFO | src.features.feature_engineering | Starting feature engineering...
2026-02-16 17:07:28,535 | INFO | src.features.feature_engineering | Saved: fe_plots\Experience Category vs Placement Probability.png
2026-02-16 17:07:29,016 | INFO | src.features.feature_engineering | Saved: fe_plots\Academic Performance vs Placement Probability.png
2026-02-16 17:07:29,136 | INFO | src.features.feature_engineering | Saved: fe_plots\Skills match level.png
2026-02-16 17:07:29,261 | INFO | src.features.feature_engineering | Saved: fe_plots\Interview performance category.png
2026-02-16 17:07:29,262 | INFO | src.data.feature_scaling | Scaling features: ['communication_score', 'technical_score', 'skills_match_percentage', 'interview_score', 'years_of_experience']...
2026-02-16 17:07:29,267 | INFO | src.data.feature_scaling | Feature scaling completed
2026-02-16 17:07:29,730 | INFO | src.features.feature_engineering | Saved: fe_plots\Placement Probability Score.png
2026-02-16 17:07:29,731 | INFO | src.features.feature_engineering | Feature engineering completed successfully
2026-02-16 17:07:29,731 | INFO | src.data.data_preprocess | Starting data preprocessing (encoding)....
2026-02-16 17:07:29,782 | INFO | src.data.data_preprocess | Data preprocessing (encoding) completed
2026-02-16 17:07:29,785 | INFO | src.data.split | Splitting data into train and test sets
2026-02-16 17:07:29,813 | INFO | src.data.split | Split completed: Train=(40099, 57), Test=(10025, 57)
2026-02-16 17:07:30,604 | INFO | src.data.split | Train data saved at data/processed/processed_dataset.csv\train_raw.csv
2026-02-16 17:07:30,604 | INFO | src.data.split | Test data saved at data/processed/processed_dataset.csv\test_raw.csv
2026-02-16 17:07:30,607 | INFO | src.models.train | Training LogisticRegression
2026-02-16 17:11:57,381 | INFO | __main__ | ML Pipeline started
2026-02-16 17:11:57,384 | INFO | src.data.data_load | Loading data from data/raw/HR_Job_Placement_Dataset.csv
2026-02-16 17:11:57,499 | INFO | src.data.data_load | Data loaded successfully from data/raw/HR_Job_Placement_Dataset.csv, shape: (51500, 26)
2026-02-16 17:11:57,499 | INFO | src.data.data_cleaning | starting data cleaning process....
2026-02-16 17:11:57,618 | INFO | src.data.data_cleaning | Data cleaning completed
2026-02-16 17:11:57,619 | INFO | src.data.data_preprocess | Starting data preprocessing (encoding)....
2026-02-16 17:11:57,666 | INFO | src.data.data_preprocess | Data preprocessing (encoding) completed
2026-02-16 17:11:57,669 | INFO | eda.eda | Starting EDA...
2026-02-16 17:11:57,832 | INFO | matplotlib.category | Using categorical units to plot a list of strings that are all parsable as floats or dates. If these strings should be plotted as numbers, cast to the appropriate data type before plotting.
2026-02-16 17:11:57,856 | INFO | matplotlib.category | Using categorical units to plot a list of strings that are all parsable as floats or dates. If these strings should be plotted as numbers, cast to the appropriate data type before plotting.
2026-02-16 17:11:57,926 | INFO | eda.eda | Saved: eda_plots\Interview score vs job acceptance.png
2026-02-16 17:11:58,023 | INFO | matplotlib.category | Using categorical units to plot a list of strings that are all parsable as floats or dates. If these strings should be plotted as numbers, cast to the appropriate data type before plotting.
2026-02-16 17:11:58,048 | INFO | matplotlib.category | Using categorical units to plot a list of strings that are all parsable as floats or dates. If these strings should be plotted as numbers, cast to the appropriate data type before plotting.
2026-02-16 17:11:58,109 | INFO | eda.eda | Saved: eda_plots\Skills Match Percentage vs Job Placement.png
2026-02-16 17:11:58,253 | INFO | eda.eda | Saved: eda_plots\Acceptance Rate by Company Tier.png
2026-02-16 17:11:58,370 | INFO | eda.eda | Saved: eda_plots\Placement Probability vs Years of Experience.png
2026-02-16 17:11:58,510 | INFO | eda.eda | Saved: eda_plots\Competition level vs job acceptance.png
2026-02-16 17:12:00,244 | INFO | eda.eda | Saved: eda_plots\Correlation Matrix of Numeric Features.png
2026-02-16 17:12:00,245 | INFO | eda.eda | EDA analysis completed successfully
2026-02-16 17:12:00,246 | INFO | src.features.feature_engineering | Starting feature engineering...
2026-02-16 17:12:00,717 | INFO | src.features.feature_engineering | Saved: fe_plots\Experience Category vs Placement Probability.png
2026-02-16 17:12:01,198 | INFO | src.features.feature_engineering | Saved: fe_plots\Academic Performance vs Placement Probability.png
2026-02-16 17:12:01,315 | INFO | src.features.feature_engineering | Saved: fe_plots\Skills match level.png
2026-02-16 17:12:01,432 | INFO | src.features.feature_engineering | Saved: fe_plots\Interview performance category.png
2026-02-16 17:12:01,433 | INFO | src.data.feature_scaling | Scaling features: ['communication_score', 'technical_score', 'skills_match_percentage', 'interview_score', 'years_of_experience']...
2026-02-16 17:12:01,440 | INFO | src.data.feature_scaling | Feature scaling completed
2026-02-16 17:12:01,926 | INFO | src.features.feature_engineering | Saved: fe_plots\Placement Probability Score.png
2026-02-16 17:12:01,926 | INFO | src.features.feature_engineering | Feature engineering completed successfully
2026-02-16 17:12:02,171 | INFO | src.data.split | Splitting data into train and test sets
2026-02-16 17:12:02,227 | INFO | src.data.split | Split completed: Train=(40099, 74), Test=(10025, 74)
2026-02-16 17:12:03,636 | INFO | src.data.split | Train data saved at data/processed/processed_dataset.csv\train_raw.csv
2026-02-16 17:12:03,636 | INFO | src.data.split | Test data saved at data/processed/processed_dataset.csv\test_raw.csv
2026-02-16 17:12:03,640 | INFO | src.models.train | Training LogisticRegression
2026-02-16 17:12:08,530 | INFO | src.models.evaluate | Evaluating model: LogisticRegression
2026-02-16 17:12:08,543 | INFO | src.models.evaluate | LogisticRegression Accuracy: 0.8746
2026-02-16 17:12:08,543 | INFO | src.models.evaluate | LogisticRegression F1 Score: 0.8735
2026-02-16 17:12:08,543 | INFO | src.models.evaluate | LogisticRegression report: {'0.0': {'precision': 0.9006659267480577, 'recall': 0.9230769230769231, 'f1-score': 0.9117337265641458, 'support': 7033.0}, '1.0': {'precision': 0.8079517216897408, 'recall': 0.7606951871657754, 'f1-score': 0.7836116371148218, 'support': 2992.0}, 'accuracy': 0.8746134663341646, 'macro avg': {'precision': 0.8543088242188992, 'recall': 0.8418860551213493, 'f1-score': 0.8476726818394837, 'support': 10025.0}, 'weighted avg': {'precision': 0.8729950138767876, 'recall': 0.8746134663341646, 'f1-score': 0.873495193732986, 'support': 10025.0}}
2026-02-16 17:12:08,545 | INFO | src.models.train | Training decision tree
2026-02-16 17:12:09,303 | INFO | src.models.evaluate | Evaluating model: decision tree
2026-02-16 17:12:09,314 | INFO | src.models.evaluate | decision tree Accuracy: 0.8356
2026-02-16 17:12:09,315 | INFO | src.models.evaluate | decision tree F1 Score: 0.8364
2026-02-16 17:12:09,315 | INFO | src.models.evaluate | decision tree report: {'0.0': {'precision': 0.8886964053702902, 'recall': 0.8753021470211858, 'f1-score': 0.8819484240687679, 'support': 7033.0}, '1.0': {'precision': 0.7169141381536475, 'recall': 0.7423128342245989, 'f1-score': 0.729392446633826, 'support': 2992.0}, 'accuracy': 0.8356109725685785, 'macro avg': {'precision': 0.8028052717619688, 'recall': 0.8088074906228924, 'f1-score': 0.8056704353512969, 'support': 10025.0}, 'weighted avg': {'precision': 0.8374273237231884, 'recall': 0.8356109725685785, 'f1-score': 0.8364175029230975, 'support': 10025.0}}
2026-02-16 17:12:09,316 | INFO | src.models.train | Training RandomForest
2026-02-16 17:12:23,147 | INFO | src.models.evaluate | Evaluating model: RandomForest
2026-02-16 17:12:23,158 | INFO | src.models.evaluate | RandomForest Accuracy: 0.8902
2026-02-16 17:12:23,159 | INFO | src.models.evaluate | RandomForest F1 Score: 0.8876
2026-02-16 17:12:23,159 | INFO | src.models.evaluate | RandomForest report: {'0.0': {'precision': 0.8979071639388247, 'recall': 0.9516564766102659, 'f1-score': 0.9240008283288466, 'support': 7033.0}, '1.0': {'precision': 0.867755737067289, 'recall': 0.7456550802139037, 'f1-score': 0.8020852058241956, 'support': 2992.0}, 'accuracy': 0.8901745635910224, 'macro avg': {'precision': 0.8828314505030569, 'recall': 0.8486557784120847, 'f1-score': 0.8630430170765211, 'support': 10025.0}, 'weighted avg': {'precision': 0.8889083540435994, 'recall': 0.8901745635910224, 'f1-score': 0.8876146395474086, 'support': 10025.0}}
2026-02-16 17:12:23,161 | INFO | src.models.train | Training knn
2026-02-16 17:12:25,700 | INFO | src.models.evaluate | Evaluating model: knn
2026-02-16 17:12:25,712 | INFO | src.models.evaluate | knn Accuracy: 0.7303
2026-02-16 17:12:25,712 | INFO | src.models.evaluate | knn F1 Score: 0.7265
2026-02-16 17:12:25,712 | INFO | src.models.evaluate | knn report: {'0.0': {'precision': 0.7966287515417295, 'recall': 0.8265320631309541, 'f1-score': 0.8113049546406141, 'support': 7033.0}, '1.0': {'precision': 0.5527859237536656, 'recall': 0.5040106951871658, 'f1-score': 0.5272727272727272, 'support': 2992.0}, 'accuracy': 0.7302743142144639, 'macro avg': {'precision': 0.6747073376476975, 'recall': 0.6652713791590599, 'f1-score': 0.6692888409566706, 'support': 10025.0}, 'weighted avg': {'precision': 0.7238529170537608, 'recall': 0.7302743142144639, 'f1-score': 0.7265344385024877, 'support': 10025.0}}
2026-02-16 17:12:25,713 | INFO | src.models.train | Best model: RandomForest with F1: 0.8876
2026-02-16 17:15:45,993 | INFO | src.models.train | Best RF params: {'max_depth': 20, 'max_features': 'sqrt', 'min_samples_split': 2, 'n_estimators': 300}, CV accuracy: 0.8917
2026-02-16 17:16:21,836 | INFO | src.models.evaluate | Evaluating model: RandomForest_Final
2026-02-16 17:16:21,857 | INFO | src.models.evaluate | RandomForest_Final Accuracy: 0.8927
2026-02-16 17:16:21,857 | INFO | src.models.evaluate | RandomForest_Final F1 Score: 0.8908
2026-02-16 17:16:21,857 | INFO | src.models.evaluate | RandomForest_Final report: {'0.0': {'precision': 0.9051829683036322, 'recall': 0.9461111901037964, 'f1-score': 0.925194660734149, 'support': 7033.0}, '1.0': {'precision': 0.8582647718773373, 'recall': 0.7670454545454546, 'f1-score': 0.8100953053300388, 'support': 2992.0}, 'accuracy': 0.8926683291770574, 'macro avg': {'precision': 0.8817238700904848, 'recall': 0.8565783223246255, 'f1-score': 0.8676449830320939, 'support': 10025.0}, 'weighted avg': {'precision': 0.8911800512255798, 'recall': 0.8926683291770574, 'f1-score': 0.8908428132160344, 'support': 10025.0}}
2026-02-16 17:16:21,860 | INFO | src.visuals.plots | Generating confusion matrix
2026-02-16 17:16:22,177 | INFO | src.visuals.plots | Saved: artifacts/reports/confusion_matrix.png\Confusion Matrix.png
2026-02-16 17:16:22,178 | INFO | src.visuals.plots | Confusion matrix saved at artifacts/reports/confusion_matrix.png
2026-02-16 17:16:25,885 | INFO | src.models.train | Train Accuracy: 0.9995, Test Accuracy: 0.8927
2026-02-16 17:16:25,965 | INFO | src.models.train | Top features:
                    feature  importance
5           technical_score    0.149387
48     placement_prob_score    0.143112
11      years_of_experience    0.065300
43          interview_score    0.058683
13         expected_ctc_lpa    0.048670
8   skills_match_percentage    0.048577
12         previous_ctc_lpa    0.032368
7       communication_score    0.030022
31   job_role_match_Matched    0.025435
6            aptitude_score    0.023959
2026-02-16 17:16:26,265 | INFO | src.models.train | Final RandomForest model saved at artifacts/models/final_random_forest_model.pkl
2026-02-16 17:16:26,268 | INFO | src.models.train | Saved REQUIRED_COLUMNS for inference at artifacts/required_columns.pkl
2026-02-16 17:16:26,329 | INFO | src.analytics.analytics | Generating business KPIs...
2026-02-16 17:16:26,352 | INFO | src.analytics.analytics | Business KPIs generated successfully
2026-02-16 17:16:26,353 | INFO | __main__ | Business KPIs: {'Total Candidates': 50124, 'Placement Rate (%)': np.float64(30.27), 'Average Interview Score': np.float64(198.13), 'Average Skills Match (%)': np.float64(73.94), 'High Risk Candidate (%)': 8.0, 'Offer Dropout Rate (%)': 1.26}
2026-02-16 17:16:26,353 | INFO | __main__ | Training completed. Best Model: RandomForestClassifier
2026-02-16 17:34:01,349 | INFO | __main__ | Loading train data from: data/processed/train_raw.csv
2026-02-16 17:34:01,447 | INFO | __main__ | Training RandomForest on top 5 features: ['technical_score', 'years_of_experience', 'aptitude_score', 'skills_match_percentage', 'communication_score']
2026-02-16 17:34:01,448 | INFO | __main__ | Training RandomForestClassifier on top features
2026-02-16 17:34:15,455 | INFO | __main__ | RandomForest training completed.
2026-02-16 17:34:16,558 | INFO | __main__ | Top-Feature RandomForest Accuracy: 0.9894
2026-02-16 17:34:16,559 | INFO | __main__ | Top-Feature RandomForest F1 Score: 0.9823
2026-02-16 17:34:16,710 | INFO | __main__ | Model saved at: artifacts/models/final_rf_top_features.pkl
2026-02-16 17:34:16,711 | INFO | __main__ | Required columns saved at: artifacts/required_columns_top_features.pkl
2026-02-16 17:34:16,711 | INFO | __main__ | train_top_features.py completed successfully.
2026-02-16 17:34:44,728 | INFO | src.models.predict | Loaded Top-Feature RandomForest model and required columns successfully.
2026-02-16 17:34:45,304 | INFO | src.analytics.analytics | Generating business KPIs...
2026-02-17 02:47:30,908 | INFO | __main__ | ML Pipeline started
2026-02-17 02:47:30,928 | INFO | src.data.data_load | Loading data from data/raw/HR_Job_Placement_Dataset.csv
2026-02-17 02:47:31,283 | INFO | src.data.data_load | Data loaded successfully from data/raw/HR_Job_Placement_Dataset.csv, shape: (51500, 26)
2026-02-17 02:47:31,285 | INFO | src.data.data_cleaning | starting data cleaning process....
2026-02-17 02:47:31,591 | INFO | src.data.data_cleaning | Data cleaning completed
2026-02-17 02:47:31,596 | INFO | eda.eda | Starting EDA...
2026-02-17 02:47:33,774 | INFO | eda.eda | Saved: eda_plots\Interview score vs job acceptance.png
2026-02-17 02:47:34,114 | INFO | eda.eda | Saved: eda_plots\Skills Match Percentage vs Job Placement.png
2026-02-17 02:47:34,411 | INFO | eda.eda | Saved: eda_plots\Company Tier vs Acceptance Rate.png
2026-02-17 02:49:13,881 | INFO | __main__ | ML Pipeline started
2026-02-17 02:49:13,883 | INFO | src.data.data_load | Loading data from data/raw/HR_Job_Placement_Dataset.csv
2026-02-17 02:49:14,000 | INFO | src.data.data_load | Data loaded successfully from data/raw/HR_Job_Placement_Dataset.csv, shape: (51500, 26)
2026-02-17 02:49:14,001 | INFO | src.data.data_cleaning | starting data cleaning process....
2026-02-17 02:49:14,126 | INFO | src.data.data_cleaning | Data cleaning completed
2026-02-17 02:49:14,127 | INFO | eda.eda | Starting EDA...
2026-02-17 02:49:14,391 | INFO | eda.eda | Saved: eda_plots\Interview score vs job acceptance.png
2026-02-17 02:49:14,576 | INFO | eda.eda | Saved: eda_plots\Skills Match Percentage vs Job Placement.png
2026-02-17 02:49:14,718 | INFO | eda.eda | Saved: eda_plots\Company Tier vs Acceptance Rate.png
2026-02-17 02:49:14,836 | INFO | eda.eda | Saved: eda_plots\Experience vs Placement Probability.png
2026-02-17 02:49:15,075 | INFO | eda.eda | Saved: eda_plots\Competition level vs job acceptance.png
2026-02-17 02:49:15,690 | INFO | eda.eda | Saved: eda_plots\Correlation Matrix of Numeric Features.png
2026-02-17 02:49:15,691 | INFO | eda.eda | EDA analysis completed successfully
2026-02-17 02:49:15,692 | INFO | src.features.feature_engineering | Starting feature engineering...
2026-02-17 02:49:15,890 | INFO | src.features.feature_engineering | Saved: fe_plots\Experience Category vs Placement Status out total.png
2026-02-17 02:49:16,272 | INFO | src.features.feature_engineering | Saved: fe_plots\Experience Category vs Placement Probability out of placed.png
2026-02-17 02:49:16,792 | INFO | src.features.feature_engineering | Saved: fe_plots\Academic Performance band vs Placement Probability.png
2026-02-17 02:49:17,288 | INFO | src.features.feature_engineering | Saved: fe_plots\Skills match level.png
2026-02-17 02:49:17,812 | INFO | src.features.feature_engineering | Saved: fe_plots\Interview Performance Category vs Placement.png
2026-02-17 02:49:17,813 | INFO | src.data.feature_scaling | Scaling features: ['communication_score', 'technical_score', 'skills_match_percentage', 'interview_score', 'years_of_experience']...
2026-02-17 02:49:17,818 | INFO | src.data.feature_scaling | Feature scaling completed
2026-02-17 02:49:18,322 | INFO | src.features.feature_engineering | Saved: fe_plots\Placement Probability Score.png
2026-02-17 02:49:18,322 | INFO | src.features.feature_engineering | Feature engineering completed successfully
2026-02-17 02:49:18,323 | INFO | src.data.data_preprocess | Starting data preprocessing (encoding)....
2026-02-17 02:49:18,410 | INFO | src.data.data_preprocess | Data preprocessing (encoding) completed
2026-02-17 02:51:59,096 | INFO | __main__ | ML Pipeline started
2026-02-17 02:51:59,098 | INFO | src.data.data_load | Loading data from data/raw/HR_Job_Placement_Dataset.csv
2026-02-17 02:51:59,209 | INFO | src.data.data_load | Data loaded successfully from data/raw/HR_Job_Placement_Dataset.csv, shape: (51500, 26)
2026-02-17 02:51:59,210 | INFO | src.data.data_cleaning | starting data cleaning process....
2026-02-17 02:51:59,326 | INFO | src.data.data_cleaning | Data cleaning completed
2026-02-17 02:51:59,328 | INFO | eda.eda | Starting EDA...
2026-02-17 02:51:59,592 | INFO | eda.eda | Saved: eda_plots\Interview score vs job acceptance.png
2026-02-17 02:51:59,772 | INFO | eda.eda | Saved: eda_plots\Skills Match Percentage vs Job Placement.png
2026-02-17 02:51:59,916 | INFO | eda.eda | Saved: eda_plots\Company Tier vs Acceptance Rate.png
2026-02-17 02:52:00,042 | INFO | eda.eda | Saved: eda_plots\Experience vs Placement Probability.png
2026-02-17 02:52:00,275 | INFO | eda.eda | Saved: eda_plots\Competition level vs job acceptance.png
2026-02-17 02:52:00,854 | INFO | eda.eda | Saved: eda_plots\Correlation Matrix of Numeric Features.png
2026-02-17 02:52:00,855 | INFO | eda.eda | EDA analysis completed successfully
2026-02-17 02:52:00,856 | INFO | src.features.feature_engineering | Starting feature engineering...
2026-02-17 02:52:01,060 | INFO | src.features.feature_engineering | Saved: fe_plots\Experience Category vs Placement Status out total.png
2026-02-17 02:52:01,458 | INFO | src.features.feature_engineering | Saved: fe_plots\Experience Category vs Placement Probability out of placed.png
2026-02-17 02:52:01,965 | INFO | src.features.feature_engineering | Saved: fe_plots\Academic Performance band vs Placement Probability.png
2026-02-17 02:52:02,439 | INFO | src.features.feature_engineering | Saved: fe_plots\Skills match level.png
2026-02-17 02:52:02,925 | INFO | src.features.feature_engineering | Saved: fe_plots\Interview Performance Category vs Placement.png
2026-02-17 02:52:02,925 | INFO | src.data.feature_scaling | Scaling features: ['communication_score', 'technical_score', 'skills_match_percentage', 'interview_score', 'years_of_experience']...
2026-02-17 02:52:02,931 | INFO | src.data.feature_scaling | Feature scaling completed
2026-02-17 02:52:03,462 | INFO | src.features.feature_engineering | Saved: fe_plots\Placement Probability Score.png
2026-02-17 02:52:03,462 | INFO | src.features.feature_engineering | Feature engineering completed successfully
2026-02-17 02:52:03,463 | INFO | src.data.data_preprocess | Starting data preprocessing (encoding)....
2026-02-17 02:52:03,552 | INFO | src.data.data_preprocess | Data preprocessing (encoding) completed
2026-02-17 02:52:03,555 | INFO | src.data.split | Splitting data into train and test sets
2026-02-17 02:52:03,602 | INFO | src.data.split | Split completed: Train=(40099, 57), Test=(10025, 57)
2026-02-17 02:52:04,388 | INFO | src.data.split | Train data saved at data/processed/processed_dataset.csv\train_raw.csv
2026-02-17 02:52:04,389 | INFO | src.data.split | Test data saved at data/processed/processed_dataset.csv\test_raw.csv
2026-02-17 02:52:04,392 | INFO | src.models.train | Training LogisticRegression
2026-02-17 02:53:55,812 | INFO | __main__ | ML Pipeline started
2026-02-17 02:53:55,814 | INFO | src.data.data_load | Loading data from data/raw/HR_Job_Placement_Dataset.csv
2026-02-17 02:53:55,924 | INFO | src.data.data_load | Data loaded successfully from data/raw/HR_Job_Placement_Dataset.csv, shape: (51500, 26)
2026-02-17 02:53:55,924 | INFO | src.data.data_cleaning | starting data cleaning process....
2026-02-17 02:53:56,048 | INFO | src.data.data_cleaning | Data cleaning completed
2026-02-17 02:53:56,048 | INFO | eda.eda | Starting EDA...
2026-02-17 02:53:56,303 | INFO | eda.eda | Saved: eda_plots\Interview score vs job acceptance.png
2026-02-17 02:53:56,490 | INFO | eda.eda | Saved: eda_plots\Skills Match Percentage vs Job Placement.png
2026-02-17 02:53:56,647 | INFO | eda.eda | Saved: eda_plots\Company Tier vs Acceptance Rate.png
2026-02-17 02:53:56,779 | INFO | eda.eda | Saved: eda_plots\Experience vs Placement Probability.png
2026-02-17 02:53:57,067 | INFO | eda.eda | Saved: eda_plots\Competition level vs job acceptance.png
2026-02-17 02:53:58,135 | INFO | eda.eda | Saved: eda_plots\Correlation Matrix of Numeric Features.png
2026-02-17 02:53:58,135 | INFO | eda.eda | EDA analysis completed successfully
2026-02-17 02:53:58,135 | INFO | src.features.feature_engineering | Starting feature engineering...
2026-02-17 02:53:58,527 | INFO | src.features.feature_engineering | Saved: fe_plots\Experience Category vs Placement Status out total.png
2026-02-17 02:53:59,386 | INFO | src.features.feature_engineering | Saved: fe_plots\Experience Category vs Placement Probability out of placed.png
2026-02-17 02:54:00,439 | INFO | src.features.feature_engineering | Saved: fe_plots\Academic Performance band vs Placement Probability.png
2026-02-17 02:54:01,453 | INFO | src.features.feature_engineering | Saved: fe_plots\Skills match level.png
2026-02-17 02:54:02,378 | INFO | src.features.feature_engineering | Saved: fe_plots\Interview Performance Category vs Placement.png
2026-02-17 02:54:02,379 | INFO | src.data.feature_scaling | Scaling features: ['communication_score', 'technical_score', 'skills_match_percentage', 'interview_score', 'years_of_experience']...
2026-02-17 02:54:02,387 | INFO | src.data.feature_scaling | Feature scaling completed
2026-02-17 02:54:03,397 | INFO | src.features.feature_engineering | Saved: fe_plots\Placement Probability Score.png
2026-02-17 02:54:03,397 | INFO | src.features.feature_engineering | Feature engineering completed successfully
2026-02-17 02:54:03,397 | INFO | src.data.data_preprocess | Starting data preprocessing (encoding)....
2026-02-17 02:54:03,562 | INFO | src.data.data_preprocess | Data preprocessing (encoding) completed
2026-02-17 02:54:03,701 | INFO | src.data.split | Splitting data into train and test sets
2026-02-17 02:54:03,785 | INFO | src.data.split | Split completed: Train=(40099, 57), Test=(10025, 57)
2026-02-17 02:54:06,184 | INFO | src.data.split | Train data saved at data/processed/processed_dataset.csv\train_raw.csv
2026-02-17 02:54:06,185 | INFO | src.data.split | Test data saved at data/processed/processed_dataset.csv\test_raw.csv
2026-02-17 02:54:06,191 | INFO | src.models.train | Training LogisticRegression
2026-02-17 02:54:10,278 | INFO | src.models.evaluate | Evaluating model: LogisticRegression
2026-02-17 02:54:10,303 | INFO | src.models.evaluate | LogisticRegression Accuracy: 0.8796
2026-02-17 02:54:10,303 | INFO | src.models.evaluate | LogisticRegression F1 Score: 0.8785
2026-02-17 02:54:10,303 | INFO | src.models.evaluate | LogisticRegression report: {'0.0': {'precision': 0.9029965156794425, 'recall': 0.92689556509299, 'f1-score': 0.9147899752912108, 'support': 6990.0}, '1.0': {'precision': 0.8207017543859649, 'recall': 0.770675453047776, 'f1-score': 0.7949022939677145, 'support': 3035.0}, 'accuracy': 0.8796009975062344, 'macro avg': {'precision': 0.8618491350327038, 'recall': 0.848785509070383, 'f1-score': 0.8548461346294627, 'support': 10025.0}, 'weighted avg': {'precision': 0.8780823410634121, 'recall': 0.8796009975062344, 'f1-score': 0.8784948019429004, 'support': 10025.0}}
2026-02-17 02:54:10,307 | INFO | src.models.train | Training decision tree
2026-02-17 02:54:11,475 | INFO | src.models.evaluate | Evaluating model: decision tree
2026-02-17 02:54:11,496 | INFO | src.models.evaluate | decision tree Accuracy: 0.8396
2026-02-17 02:54:11,496 | INFO | src.models.evaluate | decision tree F1 Score: 0.8401
2026-02-17 02:54:11,496 | INFO | src.models.evaluate | decision tree report: {'0.0': {'precision': 0.8890977443609023, 'recall': 0.8796852646638055, 'f1-score': 0.8843664605206386, 'support': 6990.0}, '1.0': {'precision': 0.7294950144741075, 'recall': 0.7472817133443163, 'f1-score': 0.73828125, 'support': 3035.0}, 'accuracy': 0.8396009975062344, 'macro avg': {'precision': 0.8092963794175049, 'recall': 0.8134834890040609, 'f1-score': 0.8113238552603192, 'support': 10025.0}, 'weighted avg': {'precision': 0.840779112420112, 'recall': 0.8396009975062344, 'f1-score': 0.8401401648667596, 'support': 10025.0}}
2026-02-17 02:54:11,499 | INFO | src.models.train | Training RandomForest
2026-02-17 02:54:34,197 | INFO | src.models.evaluate | Evaluating model: RandomForest
2026-02-17 02:54:34,215 | INFO | src.models.evaluate | RandomForest Accuracy: 0.8977
2026-02-17 02:54:34,215 | INFO | src.models.evaluate | RandomForest F1 Score: 0.8957
2026-02-17 02:54:34,216 | INFO | src.models.evaluate | RandomForest report: {'0.0': {'precision': 0.9058247142079477, 'recall': 0.9522174535050072, 'f1-score': 0.928441902636351, 'support': 6990.0}, '1.0': {'precision': 0.8752334703025775, 'recall': 0.771993410214168, 'f1-score': 0.8203781512605042, 'support': 3035.0}, 'accuracy': 0.8976558603491271, 'macro avg': {'precision': 0.8905290922552627, 'recall': 0.8621054318595875, 'f1-score': 0.8744100269484276, 'support': 10025.0}, 'weighted avg': {'precision': 0.8965634249059229, 'recall': 0.8976558603491271, 'f1-score': 0.8957263429928901, 'support': 10025.0}}
2026-02-17 02:54:34,219 | INFO | src.models.train | Training knn
2026-02-17 02:54:37,225 | INFO | src.models.evaluate | Evaluating model: knn
2026-02-17 02:54:37,248 | INFO | src.models.evaluate | knn Accuracy: 0.7380
2026-02-17 02:54:37,249 | INFO | src.models.evaluate | knn F1 Score: 0.7342
2026-02-17 02:54:37,250 | INFO | src.models.evaluate | knn report: {'0.0': {'precision': 0.8000275065328015, 'recall': 0.8321888412017168, 'f1-score': 0.8157913189818385, 'support': 6990.0}, '1.0': {'precision': 0.5740740740740741, 'recall': 0.5209225700164745, 'f1-score': 0.5462083261357747, 'support': 3035.0}, 'accuracy': 0.7379551122194514, 'macro avg': {'precision': 0.6870507903034377, 'recall': 0.6765557056090956, 'f1-score': 0.6809998225588066, 'support': 10025.0}, 'weighted avg': {'precision': 0.7316216544118801, 'recall': 0.7379551122194514, 'f1-score': 0.7341769166588656, 'support': 10025.0}}
2026-02-17 02:54:37,252 | INFO | src.models.train | Best model: RandomForest with F1: 0.8957
2026-02-17 02:57:00,976 | INFO | src.models.train | Best RF params: {'max_depth': None, 'max_features': 'sqrt', 'min_samples_split': 2, 'n_estimators': 200}, CV accuracy: 0.8925
2026-02-17 02:57:14,591 | INFO | src.models.evaluate | Evaluating model: RandomForest_Final
2026-02-17 02:57:14,602 | INFO | src.models.evaluate | RandomForest_Final Accuracy: 0.8973
2026-02-17 02:57:14,602 | INFO | src.models.evaluate | RandomForest_Final F1 Score: 0.8949
2026-02-17 02:57:14,603 | INFO | src.models.evaluate | RandomForest_Final report: {'0.0': {'precision': 0.9021592442645074, 'recall': 0.9563662374821174, 'f1-score': 0.9284722222222223, 'support': 6990.0}, '1.0': {'precision': 0.8833652007648184, 'recall': 0.7611202635914333, 'f1-score': 0.8176991150442477, 'support': 3035.0}, 'accuracy': 0.8972568578553616, 'macro avg': {'precision': 0.892762222514663, 'recall': 0.8587432505367754, 'f1-score': 0.873085668633235, 'support': 10025.0}, 'weighted avg': {'precision': 0.8964694764818086, 'recall': 0.8972568578553616, 'f1-score': 0.8949364236900375, 'support': 10025.0}}
2026-02-17 02:57:14,605 | INFO | src.visuals.plots | Generating confusion matrix
2026-02-17 02:57:14,785 | INFO | src.visuals.plots | Saved: artifacts/reports/confusion_matrix.png\Confusion Matrix.png
2026-02-17 02:57:14,785 | INFO | src.visuals.plots | Confusion matrix saved at artifacts/reports/confusion_matrix.png
2026-02-17 02:57:16,313 | INFO | src.models.train | Train Accuracy: 1.0000, Test Accuracy: 0.8973
2026-02-17 02:57:16,344 | INFO | src.models.train | Top features:
                    feature  importance
5           technical_score    0.154328
29     placement_prob_score    0.150245
17          interview_score    0.060523
11      years_of_experience    0.059073
13         expected_ctc_lpa    0.052323
8   skills_match_percentage    0.052036
12         previous_ctc_lpa    0.034075
18      experience_category    0.033450
7       communication_score    0.030727
6            aptitude_score    0.025166
2026-02-17 02:57:16,461 | INFO | src.models.train | Final RandomForest model saved at artifacts/models/final_random_forest_model.pkl
2026-02-17 02:57:16,463 | INFO | src.models.train | Saved REQUIRED_COLUMNS for inference at artifacts/required_columns.pkl
2026-02-17 02:57:16,481 | INFO | src.analytics.analytics | Generating business KPIs...
2026-02-17 02:57:16,494 | INFO | src.analytics.analytics | Business KPIs generated successfully
2026-02-17 02:57:16,495 | INFO | __main__ | Business KPIs: {'Total Candidates': 50124, 'Placement Rate (%)': np.float64(30.27), 'Average Skills Match (%)': np.float64(73.94), 'High Risk Candidate (%)': 8.0, 'Offer Dropout Rate (%)': 1.26}
2026-02-17 02:57:16,495 | INFO | __main__ | Training completed. Best Model: RandomForestClassifier
2026-02-17 03:05:53,244 | INFO | __main__ | ML Pipeline started
2026-02-17 03:05:53,246 | INFO | src.data.data_load | Loading data from data/raw/HR_Job_Placement_Dataset.csv
2026-02-17 03:05:53,365 | INFO | src.data.data_load | Data loaded successfully from data/raw/HR_Job_Placement_Dataset.csv, shape: (51500, 26)
2026-02-17 03:05:53,366 | INFO | src.data.data_cleaning | starting data cleaning process....
2026-02-17 03:05:53,490 | INFO | src.data.data_cleaning | Data cleaning completed
2026-02-17 03:05:53,491 | INFO | eda.eda | Starting EDA...
2026-02-17 03:05:53,794 | INFO | eda.eda | Saved: eda_plots\Interview score vs job acceptance.png
2026-02-17 03:05:53,995 | INFO | eda.eda | Saved: eda_plots\Skills Match Percentage vs Job Placement.png
2026-02-17 03:05:54,151 | INFO | eda.eda | Saved: eda_plots\Company Tier vs Acceptance Rate.png
2026-02-17 03:05:54,281 | INFO | eda.eda | Saved: eda_plots\Experience vs Placement Probability.png
2026-02-17 03:05:54,520 | INFO | eda.eda | Saved: eda_plots\Competition level vs job acceptance.png
2026-02-17 03:05:55,151 | INFO | eda.eda | Saved: eda_plots\Correlation Matrix of Numeric Features.png
2026-02-17 03:05:55,153 | INFO | eda.eda | EDA analysis completed successfully
2026-02-17 03:05:55,153 | INFO | src.features.feature_engineering | Starting feature engineering...
2026-02-17 03:05:55,350 | INFO | src.features.feature_engineering | Saved: fe_plots\Experience Category vs Placement Status out total.png
2026-02-17 03:05:55,740 | INFO | src.features.feature_engineering | Saved: fe_plots\Experience Category vs Placement Probability out of placed.png
2026-02-17 03:05:56,254 | INFO | src.features.feature_engineering | Saved: fe_plots\Academic Performance band vs Placement Probability.png
2026-02-17 03:05:56,733 | INFO | src.features.feature_engineering | Saved: fe_plots\Skills match level.png
2026-02-17 03:05:57,226 | INFO | src.features.feature_engineering | Saved: fe_plots\Interview Performance Category vs Placement.png
2026-02-17 03:05:57,227 | INFO | src.data.feature_scaling | Scaling features: ['communication_score', 'technical_score', 'skills_match_percentage', 'interview_score', 'years_of_experience']...
2026-02-17 03:05:57,232 | INFO | src.data.feature_scaling | Feature scaling completed
2026-02-17 03:05:57,748 | INFO | src.features.feature_engineering | Saved: fe_plots\Placement Probability Score.png
2026-02-17 03:05:57,749 | INFO | src.features.feature_engineering | Feature engineering completed successfully
2026-02-17 03:05:57,750 | INFO | src.data.data_preprocess | Starting data preprocessing (encoding)....
2026-02-17 03:05:57,840 | INFO | src.data.data_preprocess | Data preprocessing (encoding) completed
2026-02-17 03:05:57,943 | INFO | src.data.split | Splitting data into train and test sets
2026-02-17 03:05:58,003 | INFO | src.data.split | Split completed: Train=(40099, 57), Test=(10025, 57)
2026-02-17 03:05:59,368 | INFO | src.data.split | Train data saved at data/processed/processed_dataset.csv\train_raw.csv
2026-02-17 03:05:59,369 | INFO | src.data.split | Test data saved at data/processed/processed_dataset.csv\test_raw.csv
2026-02-17 03:05:59,372 | INFO | src.models.train | Training LogisticRegression
2026-02-17 03:06:02,487 | INFO | src.models.evaluate | Evaluating model: LogisticRegression
2026-02-17 03:06:02,498 | INFO | src.models.evaluate | LogisticRegression Accuracy: 0.8796
2026-02-17 03:06:02,498 | INFO | src.models.evaluate | LogisticRegression F1 Score: 0.8785
2026-02-17 03:06:02,498 | INFO | src.models.evaluate | LogisticRegression report: {'0.0': {'precision': 0.9029965156794425, 'recall': 0.92689556509299, 'f1-score': 0.9147899752912108, 'support': 6990.0}, '1.0': {'precision': 0.8207017543859649, 'recall': 0.770675453047776, 'f1-score': 0.7949022939677145, 'support': 3035.0}, 'accuracy': 0.8796009975062344, 'macro avg': {'precision': 0.8618491350327038, 'recall': 0.848785509070383, 'f1-score': 0.8548461346294627, 'support': 10025.0}, 'weighted avg': {'precision': 0.8780823410634121, 'recall': 0.8796009975062344, 'f1-score': 0.8784948019429004, 'support': 10025.0}}
2026-02-17 03:06:02,500 | INFO | src.models.train | Training decision tree
2026-02-17 03:06:03,120 | INFO | src.models.evaluate | Evaluating model: decision tree
2026-02-17 03:06:03,132 | INFO | src.models.evaluate | decision tree Accuracy: 0.8396
2026-02-17 03:06:03,133 | INFO | src.models.evaluate | decision tree F1 Score: 0.8401
2026-02-17 03:06:03,133 | INFO | src.models.evaluate | decision tree report: {'0.0': {'precision': 0.8890977443609023, 'recall': 0.8796852646638055, 'f1-score': 0.8843664605206386, 'support': 6990.0}, '1.0': {'precision': 0.7294950144741075, 'recall': 0.7472817133443163, 'f1-score': 0.73828125, 'support': 3035.0}, 'accuracy': 0.8396009975062344, 'macro avg': {'precision': 0.8092963794175049, 'recall': 0.8134834890040609, 'f1-score': 0.8113238552603192, 'support': 10025.0}, 'weighted avg': {'precision': 0.840779112420112, 'recall': 0.8396009975062344, 'f1-score': 0.8401401648667596, 'support': 10025.0}}
2026-02-17 03:06:03,134 | INFO | src.models.train | Training RandomForest
2026-02-17 03:06:16,428 | INFO | src.models.evaluate | Evaluating model: RandomForest
2026-02-17 03:06:16,439 | INFO | src.models.evaluate | RandomForest Accuracy: 0.8977
2026-02-17 03:06:16,439 | INFO | src.models.evaluate | RandomForest F1 Score: 0.8957
2026-02-17 03:06:16,439 | INFO | src.models.evaluate | RandomForest report: {'0.0': {'precision': 0.9058247142079477, 'recall': 0.9522174535050072, 'f1-score': 0.928441902636351, 'support': 6990.0}, '1.0': {'precision': 0.8752334703025775, 'recall': 0.771993410214168, 'f1-score': 0.8203781512605042, 'support': 3035.0}, 'accuracy': 0.8976558603491271, 'macro avg': {'precision': 0.8905290922552627, 'recall': 0.8621054318595875, 'f1-score': 0.8744100269484276, 'support': 10025.0}, 'weighted avg': {'precision': 0.8965634249059229, 'recall': 0.8976558603491271, 'f1-score': 0.8957263429928901, 'support': 10025.0}}
2026-02-17 03:06:16,441 | INFO | src.models.train | Training knn
2026-02-17 03:06:18,770 | INFO | src.models.evaluate | Evaluating model: knn
2026-02-17 03:06:18,785 | INFO | src.models.evaluate | knn Accuracy: 0.7380
2026-02-17 03:06:18,785 | INFO | src.models.evaluate | knn F1 Score: 0.7342
2026-02-17 03:06:18,786 | INFO | src.models.evaluate | knn report: {'0.0': {'precision': 0.8000275065328015, 'recall': 0.8321888412017168, 'f1-score': 0.8157913189818385, 'support': 6990.0}, '1.0': {'precision': 0.5740740740740741, 'recall': 0.5209225700164745, 'f1-score': 0.5462083261357747, 'support': 3035.0}, 'accuracy': 0.7379551122194514, 'macro avg': {'precision': 0.6870507903034377, 'recall': 0.6765557056090956, 'f1-score': 0.6809998225588066, 'support': 10025.0}, 'weighted avg': {'precision': 0.7316216544118801, 'recall': 0.7379551122194514, 'f1-score': 0.7341769166588656, 'support': 10025.0}}
2026-02-17 03:06:18,788 | INFO | src.models.train | Best model: RandomForest with F1: 0.8957
2026-02-17 03:10:12,256 | INFO | src.models.train | Best RF params: {'max_depth': 20, 'max_features': 'sqrt', 'min_samples_leaf': 2, 'min_samples_split': 10, 'n_estimators': 300}, CV accuracy: 0.8913
2026-02-17 03:10:30,634 | INFO | src.models.evaluate | Evaluating model: RandomForest_Final
2026-02-17 03:10:30,644 | INFO | src.models.evaluate | RandomForest_Final Accuracy: 0.8984
2026-02-17 03:10:30,644 | INFO | src.models.evaluate | RandomForest_Final F1 Score: 0.8987
2026-02-17 03:10:30,644 | INFO | src.models.evaluate | RandomForest_Final report: {'0.0': {'precision': 0.9318674960219876, 'recall': 0.9216022889842632, 'f1-score': 0.92670646623031, 'support': 6990.0}, '1.0': {'precision': 0.8239074550128535, 'recall': 0.8448105436573311, 'f1-score': 0.8342280787375955, 'support': 3035.0}, 'accuracy': 0.8983541147132169, 'macro avg': {'precision': 0.8778874755174205, 'recall': 0.8832064163207971, 'f1-score': 0.8804672724839528, 'support': 10025.0}, 'weighted avg': {'precision': 0.8991833339808184, 'recall': 0.8983541147132169, 'f1-score': 0.8987092686202963, 'support': 10025.0}}
2026-02-17 03:10:30,646 | INFO | src.visuals.plots | Generating confusion matrix
2026-02-17 03:10:30,794 | INFO | src.visuals.plots | Saved: artifacts/reports/confusion_matrix.png\Confusion Matrix.png
2026-02-17 03:10:30,794 | INFO | src.visuals.plots | Confusion matrix saved at artifacts/reports/confusion_matrix.png
2026-02-17 03:10:32,616 | INFO | src.models.train | Train Accuracy: 0.9827, Test Accuracy: 0.8984
2026-02-17 03:10:32,648 | INFO | src.models.train | Top features:
                       feature  importance
5              technical_score    0.178263
29        placement_prob_score    0.167839
11         years_of_experience    0.069617
17             interview_score    0.060370
8      skills_match_percentage    0.052815
13            expected_ctc_lpa    0.051438
18         experience_category    0.039347
12            previous_ctc_lpa    0.029959
45      job_role_match_Matched    0.029488
46  job_role_match_Not Matched    0.026878
2026-02-17 03:10:32,782 | INFO | src.models.train | Final RandomForest model saved at artifacts/models/final_random_forest_model.pkl
2026-02-17 03:10:32,784 | INFO | src.models.train | Saved REQUIRED_COLUMNS for inference at artifacts/required_columns.pkl
2026-02-17 03:10:32,801 | INFO | src.analytics.analytics | Generating business KPIs...
2026-02-17 03:10:32,815 | INFO | src.analytics.analytics | Business KPIs generated successfully
2026-02-17 03:10:32,815 | INFO | __main__ | Business KPIs: {'Total Candidates': 50124, 'Placement Rate (%)': np.float64(30.27), 'Average Skills Match (%)': np.float64(73.94), 'High Risk Candidate (%)': 8.0, 'Offer Dropout Rate (%)': 1.26}
2026-02-17 03:10:32,815 | INFO | __main__ | Training completed. Best Model: RandomForestClassifier
2026-02-17 03:12:45,939 | INFO | __main__ | Loading train data from: data/processed/train_raw.csv
2026-02-17 03:12:46,043 | INFO | __main__ | Training RandomForest on top 5 features: ['technical_score', 'years_of_experience', 'aptitude_score', 'skills_match_percentage', 'communication_score']
2026-02-17 03:12:46,043 | INFO | __main__ | Training RandomForestClassifier on top features
2026-02-17 03:13:00,734 | INFO | __main__ | RandomForest training completed.
2026-02-17 03:13:01,934 | INFO | __main__ | Top-Feature RandomForest Accuracy: 0.9894
2026-02-17 03:13:01,935 | INFO | __main__ | Top-Feature RandomForest F1 Score: 0.9823
2026-02-17 03:13:02,104 | INFO | __main__ | Model saved at: artifacts/models/final_rf_top_features.pkl
2026-02-17 03:13:02,104 | INFO | __main__ | Required columns saved at: artifacts/required_columns_top_features.pkl
2026-02-17 03:13:02,105 | INFO | __main__ | train_top_features.py completed successfully.
2026-02-17 03:14:04,112 | INFO | src.models.predict | Loaded Top-Feature RandomForest model and required columns successfully.
2026-02-17 03:14:05,074 | INFO | src.analytics.analytics | Generating business KPIs...
2026-02-17 03:17:29,051 | INFO | __main__ | ML Pipeline started
2026-02-17 03:17:29,055 | INFO | src.data.data_load | Loading data from data/raw/HR_Job_Placement_Dataset.csv
2026-02-17 03:17:29,172 | INFO | src.data.data_load | Data loaded successfully from data/raw/HR_Job_Placement_Dataset.csv, shape: (51500, 26)
2026-02-17 03:17:29,173 | INFO | src.data.data_cleaning | starting data cleaning process....
2026-02-17 03:17:29,289 | INFO | src.data.data_cleaning | Data cleaning completed
2026-02-17 03:17:29,290 | INFO | eda.eda | Starting EDA...
2026-02-17 03:17:29,577 | INFO | eda.eda | Saved: eda_plots\Interview score vs job acceptance.png
2026-02-17 03:17:29,764 | INFO | eda.eda | Saved: eda_plots\Skills Match Percentage vs Job Placement.png
2026-02-17 03:17:29,909 | INFO | eda.eda | Saved: eda_plots\Company Tier vs Acceptance Rate.png
2026-02-17 03:17:30,024 | INFO | eda.eda | Saved: eda_plots\Experience vs Placement Probability.png
2026-02-17 03:17:30,251 | INFO | eda.eda | Saved: eda_plots\Competition level vs job acceptance.png
2026-02-17 03:17:30,837 | INFO | eda.eda | Saved: eda_plots\Correlation Matrix of Numeric Features.png
2026-02-17 03:17:30,837 | INFO | eda.eda | EDA analysis completed successfully
2026-02-17 03:17:30,838 | INFO | src.features.feature_engineering | Starting feature engineering...
2026-02-17 03:17:31,070 | INFO | src.features.feature_engineering | Saved: fe_plots\Experience Category vs Placement Status out total.png
2026-02-17 03:17:31,472 | INFO | src.features.feature_engineering | Saved: fe_plots\Experience Category vs Placement Probability out of placed.png
2026-02-17 03:17:31,996 | INFO | src.features.feature_engineering | Saved: fe_plots\Academic Performance band vs Placement Probability.png
2026-02-17 03:17:32,449 | INFO | src.features.feature_engineering | Saved: fe_plots\Skills match level.png
2026-02-17 03:17:32,940 | INFO | src.features.feature_engineering | Saved: fe_plots\Interview Performance Category vs Placement.png
2026-02-17 03:17:32,941 | INFO | src.data.feature_scaling | Scaling features: ['communication_score', 'technical_score', 'skills_match_percentage', 'interview_score', 'years_of_experience']...
2026-02-17 03:17:32,946 | INFO | src.data.feature_scaling | Feature scaling completed
2026-02-17 03:17:33,435 | INFO | src.features.feature_engineering | Saved: fe_plots\Placement Probability Score.png
2026-02-17 03:17:33,436 | INFO | src.features.feature_engineering | Feature engineering completed successfully
2026-02-17 03:17:33,436 | INFO | src.data.data_preprocess | Starting data preprocessing (encoding)....
2026-02-17 03:17:33,544 | INFO | src.data.data_preprocess | Data preprocessing (encoding) completed
2026-02-17 03:17:33,638 | INFO | src.data.split | Splitting data into train and test sets
2026-02-17 03:17:33,696 | INFO | src.data.split | Split completed: Train=(40099, 57), Test=(10025, 57)
2026-02-17 03:17:35,114 | INFO | src.data.split | Train data saved at data/processed/processed_dataset.csv\train_raw.csv
2026-02-17 03:17:35,114 | INFO | src.data.split | Test data saved at data/processed/processed_dataset.csv\test_raw.csv
2026-02-17 03:17:35,119 | INFO | src.models.train | Training LogisticRegression
2026-02-17 03:17:38,246 | INFO | src.models.evaluate | Evaluating model: LogisticRegression
2026-02-17 03:17:38,256 | INFO | src.models.evaluate | LogisticRegression Accuracy: 0.8796
2026-02-17 03:17:38,256 | INFO | src.models.evaluate | LogisticRegression F1 Score: 0.8785
2026-02-17 03:17:38,256 | INFO | src.models.evaluate | LogisticRegression report: {'0.0': {'precision': 0.9029965156794425, 'recall': 0.92689556509299, 'f1-score': 0.9147899752912108, 'support': 6990.0}, '1.0': {'precision': 0.8207017543859649, 'recall': 0.770675453047776, 'f1-score': 0.7949022939677145, 'support': 3035.0}, 'accuracy': 0.8796009975062344, 'macro avg': {'precision': 0.8618491350327038, 'recall': 0.848785509070383, 'f1-score': 0.8548461346294627, 'support': 10025.0}, 'weighted avg': {'precision': 0.8780823410634121, 'recall': 0.8796009975062344, 'f1-score': 0.8784948019429004, 'support': 10025.0}}
2026-02-17 03:17:38,258 | INFO | src.models.train | Training decision tree
2026-02-17 03:17:38,893 | INFO | src.models.evaluate | Evaluating model: decision tree
2026-02-17 03:17:38,905 | INFO | src.models.evaluate | decision tree Accuracy: 0.8396
2026-02-17 03:17:38,905 | INFO | src.models.evaluate | decision tree F1 Score: 0.8401
2026-02-17 03:17:38,906 | INFO | src.models.evaluate | decision tree report: {'0.0': {'precision': 0.8890977443609023, 'recall': 0.8796852646638055, 'f1-score': 0.8843664605206386, 'support': 6990.0}, '1.0': {'precision': 0.7294950144741075, 'recall': 0.7472817133443163, 'f1-score': 0.73828125, 'support': 3035.0}, 'accuracy': 0.8396009975062344, 'macro avg': {'precision': 0.8092963794175049, 'recall': 0.8134834890040609, 'f1-score': 0.8113238552603192, 'support': 10025.0}, 'weighted avg': {'precision': 0.840779112420112, 'recall': 0.8396009975062344, 'f1-score': 0.8401401648667596, 'support': 10025.0}}
2026-02-17 03:17:38,907 | INFO | src.models.train | Training RandomForest
2026-02-17 03:17:55,548 | INFO | src.models.evaluate | Evaluating model: RandomForest
2026-02-17 03:17:55,558 | INFO | src.models.evaluate | RandomForest Accuracy: 0.8977
2026-02-17 03:17:55,558 | INFO | src.models.evaluate | RandomForest F1 Score: 0.8957
2026-02-17 03:17:55,558 | INFO | src.models.evaluate | RandomForest report: {'0.0': {'precision': 0.9058247142079477, 'recall': 0.9522174535050072, 'f1-score': 0.928441902636351, 'support': 6990.0}, '1.0': {'precision': 0.8752334703025775, 'recall': 0.771993410214168, 'f1-score': 0.8203781512605042, 'support': 3035.0}, 'accuracy': 0.8976558603491271, 'macro avg': {'precision': 0.8905290922552627, 'recall': 0.8621054318595875, 'f1-score': 0.8744100269484276, 'support': 10025.0}, 'weighted avg': {'precision': 0.8965634249059229, 'recall': 0.8976558603491271, 'f1-score': 0.8957263429928901, 'support': 10025.0}}
2026-02-17 03:17:55,560 | INFO | src.models.train | Training knn
2026-02-17 03:17:57,969 | INFO | src.models.evaluate | Evaluating model: knn
2026-02-17 03:17:57,982 | INFO | src.models.evaluate | knn Accuracy: 0.7380
2026-02-17 03:17:57,982 | INFO | src.models.evaluate | knn F1 Score: 0.7342
2026-02-17 03:17:57,982 | INFO | src.models.evaluate | knn report: {'0.0': {'precision': 0.8000275065328015, 'recall': 0.8321888412017168, 'f1-score': 0.8157913189818385, 'support': 6990.0}, '1.0': {'precision': 0.5740740740740741, 'recall': 0.5209225700164745, 'f1-score': 0.5462083261357747, 'support': 3035.0}, 'accuracy': 0.7379551122194514, 'macro avg': {'precision': 0.6870507903034377, 'recall': 0.6765557056090956, 'f1-score': 0.6809998225588066, 'support': 10025.0}, 'weighted avg': {'precision': 0.7316216544118801, 'recall': 0.7379551122194514, 'f1-score': 0.7341769166588656, 'support': 10025.0}}
2026-02-17 03:17:57,984 | INFO | src.models.train | Best model: RandomForest with F1: 0.8957
2026-02-17 03:18:43,202 | INFO | __main__ | ML Pipeline started
2026-02-17 03:18:43,204 | INFO | src.data.data_load | Loading data from data/raw/HR_Job_Placement_Dataset.csv
2026-02-17 03:18:43,328 | INFO | src.data.data_load | Data loaded successfully from data/raw/HR_Job_Placement_Dataset.csv, shape: (51500, 26)
2026-02-17 03:18:43,328 | INFO | src.data.data_cleaning | starting data cleaning process....
2026-02-17 03:18:43,454 | INFO | src.data.data_cleaning | Data cleaning completed
2026-02-17 03:18:43,454 | INFO | eda.eda | Starting EDA...
2026-02-17 03:18:43,732 | INFO | eda.eda | Saved: eda_plots\Interview score vs job acceptance.png
2026-02-17 03:18:43,930 | INFO | eda.eda | Saved: eda_plots\Skills Match Percentage vs Job Placement.png
2026-02-17 03:18:44,082 | INFO | eda.eda | Saved: eda_plots\Company Tier vs Acceptance Rate.png
2026-02-17 03:18:44,236 | INFO | eda.eda | Saved: eda_plots\Experience vs Placement Probability.png
2026-02-17 03:18:44,456 | INFO | eda.eda | Saved: eda_plots\Competition level vs job acceptance.png
2026-02-17 03:18:45,035 | INFO | eda.eda | Saved: eda_plots\Correlation Matrix of Numeric Features.png
2026-02-17 03:18:45,036 | INFO | eda.eda | EDA analysis completed successfully
2026-02-17 03:18:45,037 | INFO | src.features.feature_engineering | Starting feature engineering...
2026-02-17 03:18:45,231 | INFO | src.features.feature_engineering | Saved: fe_plots\Experience Category vs Placement Status out total.png
2026-02-17 03:18:45,651 | INFO | src.features.feature_engineering | Saved: fe_plots\Experience Category vs Placement Probability out of placed.png
2026-02-17 03:18:46,168 | INFO | src.features.feature_engineering | Saved: fe_plots\Academic Performance band vs Placement Probability.png
2026-02-17 03:18:46,645 | INFO | src.features.feature_engineering | Saved: fe_plots\Skills match level.png
2026-02-17 03:18:47,139 | INFO | src.features.feature_engineering | Saved: fe_plots\Interview Performance Category vs Placement.png
2026-02-17 03:18:47,139 | INFO | src.data.feature_scaling | Scaling features: ['communication_score', 'technical_score', 'skills_match_percentage', 'interview_score', 'years_of_experience']...
2026-02-17 03:18:47,145 | INFO | src.data.feature_scaling | Feature scaling completed
2026-02-17 03:18:47,644 | INFO | src.features.feature_engineering | Saved: fe_plots\Placement Probability Score.png
2026-02-17 03:18:47,645 | INFO | src.features.feature_engineering | Feature engineering completed successfully
2026-02-17 03:18:47,645 | INFO | src.data.data_preprocess | Starting data preprocessing (encoding)....
2026-02-17 03:18:47,732 | INFO | src.data.data_preprocess | Data preprocessing (encoding) completed
2026-02-17 03:18:47,826 | INFO | src.data.split | Splitting data into train and test sets
2026-02-17 03:18:47,880 | INFO | src.data.split | Split completed: Train=(40099, 57), Test=(10025, 57)
2026-02-17 03:18:49,166 | INFO | src.data.split | Train data saved at data/processed/processed_dataset.csv\train_raw.csv
2026-02-17 03:18:49,166 | INFO | src.data.split | Test data saved at data/processed/processed_dataset.csv\test_raw.csv
2026-02-17 03:18:49,170 | INFO | src.models.train | Training LogisticRegression
2026-02-17 03:18:52,023 | INFO | src.models.evaluate | Evaluating model: LogisticRegression
2026-02-17 03:18:52,034 | INFO | src.models.evaluate | LogisticRegression Accuracy: 0.8796
2026-02-17 03:18:52,034 | INFO | src.models.evaluate | LogisticRegression F1 Score: 0.8785
2026-02-17 03:18:52,034 | INFO | src.models.evaluate | LogisticRegression report: {'0.0': {'precision': 0.9029965156794425, 'recall': 0.92689556509299, 'f1-score': 0.9147899752912108, 'support': 6990.0}, '1.0': {'precision': 0.8207017543859649, 'recall': 0.770675453047776, 'f1-score': 0.7949022939677145, 'support': 3035.0}, 'accuracy': 0.8796009975062344, 'macro avg': {'precision': 0.8618491350327038, 'recall': 0.848785509070383, 'f1-score': 0.8548461346294627, 'support': 10025.0}, 'weighted avg': {'precision': 0.8780823410634121, 'recall': 0.8796009975062344, 'f1-score': 0.8784948019429004, 'support': 10025.0}}
2026-02-17 03:18:52,037 | INFO | src.models.train | Training decision tree
2026-02-17 03:18:52,663 | INFO | src.models.evaluate | Evaluating model: decision tree
2026-02-17 03:18:52,674 | INFO | src.models.evaluate | decision tree Accuracy: 0.8396
2026-02-17 03:18:52,674 | INFO | src.models.evaluate | decision tree F1 Score: 0.8401
2026-02-17 03:18:52,674 | INFO | src.models.evaluate | decision tree report: {'0.0': {'precision': 0.8890977443609023, 'recall': 0.8796852646638055, 'f1-score': 0.8843664605206386, 'support': 6990.0}, '1.0': {'precision': 0.7294950144741075, 'recall': 0.7472817133443163, 'f1-score': 0.73828125, 'support': 3035.0}, 'accuracy': 0.8396009975062344, 'macro avg': {'precision': 0.8092963794175049, 'recall': 0.8134834890040609, 'f1-score': 0.8113238552603192, 'support': 10025.0}, 'weighted avg': {'precision': 0.840779112420112, 'recall': 0.8396009975062344, 'f1-score': 0.8401401648667596, 'support': 10025.0}}
2026-02-17 03:18:52,676 | INFO | src.models.train | Training RandomForest
2026-02-17 03:19:06,492 | INFO | src.models.evaluate | Evaluating model: RandomForest
2026-02-17 03:19:06,505 | INFO | src.models.evaluate | RandomForest Accuracy: 0.8977
2026-02-17 03:19:06,506 | INFO | src.models.evaluate | RandomForest F1 Score: 0.8957
2026-02-17 03:19:06,506 | INFO | src.models.evaluate | RandomForest report: {'0.0': {'precision': 0.9058247142079477, 'recall': 0.9522174535050072, 'f1-score': 0.928441902636351, 'support': 6990.0}, '1.0': {'precision': 0.8752334703025775, 'recall': 0.771993410214168, 'f1-score': 0.8203781512605042, 'support': 3035.0}, 'accuracy': 0.8976558603491271, 'macro avg': {'precision': 0.8905290922552627, 'recall': 0.8621054318595875, 'f1-score': 0.8744100269484276, 'support': 10025.0}, 'weighted avg': {'precision': 0.8965634249059229, 'recall': 0.8976558603491271, 'f1-score': 0.8957263429928901, 'support': 10025.0}}
2026-02-17 03:19:06,507 | INFO | src.models.train | Training knn
2026-02-17 03:19:08,439 | INFO | src.models.evaluate | Evaluating model: knn
2026-02-17 03:19:08,455 | INFO | src.models.evaluate | knn Accuracy: 0.7380
2026-02-17 03:19:08,455 | INFO | src.models.evaluate | knn F1 Score: 0.7342
2026-02-17 03:19:08,455 | INFO | src.models.evaluate | knn report: {'0.0': {'precision': 0.8000275065328015, 'recall': 0.8321888412017168, 'f1-score': 0.8157913189818385, 'support': 6990.0}, '1.0': {'precision': 0.5740740740740741, 'recall': 0.5209225700164745, 'f1-score': 0.5462083261357747, 'support': 3035.0}, 'accuracy': 0.7379551122194514, 'macro avg': {'precision': 0.6870507903034377, 'recall': 0.6765557056090956, 'f1-score': 0.6809998225588066, 'support': 10025.0}, 'weighted avg': {'precision': 0.7316216544118801, 'recall': 0.7379551122194514, 'f1-score': 0.7341769166588656, 'support': 10025.0}}
2026-02-17 03:19:08,457 | INFO | src.models.train | Best model: RandomForest with F1: 0.8957
2026-02-17 03:24:04,207 | INFO | src.models.train | Best RF params: {'max_depth': 20, 'max_features': 'sqrt', 'min_samples_leaf': 2, 'min_samples_split': 10, 'n_estimators': 300}, CV accuracy: 0.8913
2026-02-17 03:24:33,903 | INFO | src.models.evaluate | Evaluating model: RandomForest_Final
2026-02-17 03:24:33,922 | INFO | src.models.evaluate | RandomForest_Final Accuracy: 0.8984
2026-02-17 03:24:33,923 | INFO | src.models.evaluate | RandomForest_Final F1 Score: 0.8987
2026-02-17 03:24:33,923 | INFO | src.models.evaluate | RandomForest_Final report: {'0.0': {'precision': 0.9318674960219876, 'recall': 0.9216022889842632, 'f1-score': 0.92670646623031, 'support': 6990.0}, '1.0': {'precision': 0.8239074550128535, 'recall': 0.8448105436573311, 'f1-score': 0.8342280787375955, 'support': 3035.0}, 'accuracy': 0.8983541147132169, 'macro avg': {'precision': 0.8778874755174205, 'recall': 0.8832064163207971, 'f1-score': 0.8804672724839528, 'support': 10025.0}, 'weighted avg': {'precision': 0.8991833339808184, 'recall': 0.8983541147132169, 'f1-score': 0.8987092686202963, 'support': 10025.0}}
2026-02-17 03:24:33,926 | INFO | src.visuals.plots | Generating confusion matrix
2026-02-17 03:24:34,196 | INFO | src.visuals.plots | Saved: artifacts/reports/confusion_matrix.png\Confusion Matrix.png
2026-02-17 03:24:34,197 | INFO | src.visuals.plots | Confusion matrix saved at artifacts/reports/confusion_matrix.png
2026-02-17 03:24:37,361 | INFO | src.models.train | Train Accuracy: 0.9827, Test Accuracy: 0.8984
2026-02-17 03:24:37,422 | INFO | src.models.train | Top features:
                       feature  importance
5              technical_score    0.178263
29        placement_prob_score    0.167839
11         years_of_experience    0.069617
17             interview_score    0.060370
8      skills_match_percentage    0.052815
13            expected_ctc_lpa    0.051438
18         experience_category    0.039347
12            previous_ctc_lpa    0.029959
45      job_role_match_Matched    0.029488
46  job_role_match_Not Matched    0.026878
2026-02-17 03:24:37,626 | INFO | src.models.train | Final RandomForest model saved at artifacts/models/final_random_forest_model.pkl
2026-02-17 03:24:37,629 | INFO | src.models.train | Saved REQUIRED_COLUMNS for inference at artifacts/required_columns.pkl
2026-02-17 03:24:37,668 | INFO | src.analytics.analytics | Generating business KPIs...
2026-02-17 03:24:37,685 | INFO | src.analytics.analytics | Business KPIs generated successfully
2026-02-17 03:24:37,686 | INFO | __main__ | Business KPIs: {'Total Candidates': 50124, 'Placement Rate (%)': np.float64(30.27), 'Average Skills Match (%)': np.float64(73.94), 'High Risk Candidate (%)': 8.0, 'Offer Dropout Rate (%)': 1.26}
2026-02-17 03:24:37,687 | INFO | __main__ | Training completed. Best Model: RandomForestClassifier
2026-02-17 03:26:23,801 | INFO | __main__ | ML Pipeline started
2026-02-17 03:26:23,804 | INFO | src.data.data_load | Loading data from data/raw/HR_Job_Placement_Dataset.csv
2026-02-17 03:26:23,916 | INFO | src.data.data_load | Data loaded successfully from data/raw/HR_Job_Placement_Dataset.csv, shape: (51500, 26)
2026-02-17 03:26:23,917 | INFO | src.data.data_cleaning | starting data cleaning process....
2026-02-17 03:26:24,042 | INFO | src.data.data_cleaning | Data cleaning completed
2026-02-17 03:26:24,042 | INFO | eda.eda | Starting EDA...
2026-02-17 03:26:24,306 | INFO | eda.eda | Saved: eda_plots\Interview score vs job acceptance.png
2026-02-17 03:26:24,486 | INFO | eda.eda | Saved: eda_plots\Skills Match Percentage vs Job Placement.png
2026-02-17 03:26:24,623 | INFO | eda.eda | Saved: eda_plots\Company Tier vs Acceptance Rate.png
2026-02-17 03:26:24,741 | INFO | eda.eda | Saved: eda_plots\Experience vs Placement Probability.png
2026-02-17 03:26:24,991 | INFO | eda.eda | Saved: eda_plots\Competition level vs job acceptance.png
2026-02-17 03:26:25,566 | INFO | eda.eda | Saved: eda_plots\Correlation Matrix of Numeric Features.png
2026-02-17 03:26:25,567 | INFO | eda.eda | EDA analysis completed successfully
2026-02-17 03:26:25,568 | INFO | src.features.feature_engineering | Starting feature engineering...
2026-02-17 03:26:25,760 | INFO | src.features.feature_engineering | Saved: fe_plots\Experience Category vs Placement Status out total.png
2026-02-17 03:26:26,146 | INFO | src.features.feature_engineering | Saved: fe_plots\Experience Category vs Placement Probability out of placed.png
2026-02-17 03:26:26,677 | INFO | src.features.feature_engineering | Saved: fe_plots\Academic Performance band vs Placement Probability.png
2026-02-17 03:26:27,156 | INFO | src.features.feature_engineering | Saved: fe_plots\Skills match level.png
2026-02-17 03:26:27,653 | INFO | src.features.feature_engineering | Saved: fe_plots\Interview Performance Category vs Placement.png
2026-02-17 03:26:27,653 | INFO | src.data.feature_scaling | Scaling features: ['communication_score', 'technical_score', 'skills_match_percentage', 'interview_score', 'years_of_experience']...
2026-02-17 03:26:27,659 | INFO | src.data.feature_scaling | Feature scaling completed
2026-02-17 03:26:28,164 | INFO | src.features.feature_engineering | Saved: fe_plots\Placement Probability Score.png
2026-02-17 03:26:28,164 | INFO | src.features.feature_engineering | Feature engineering completed successfully
2026-02-17 03:26:28,165 | INFO | src.data.data_preprocess | Starting data preprocessing (encoding)....
2026-02-17 03:26:28,252 | INFO | src.data.data_preprocess | Data preprocessing (encoding) completed
2026-02-17 03:26:28,350 | INFO | src.data.split | Splitting data into train and test sets
2026-02-17 03:26:28,407 | INFO | src.data.split | Split completed: Train=(40099, 57), Test=(10025, 57)
2026-02-17 03:26:29,710 | INFO | src.data.split | Train data saved at data/processed/processed_dataset.csv\train_raw.csv
2026-02-17 03:26:29,711 | INFO | src.data.split | Test data saved at data/processed/processed_dataset.csv\test_raw.csv
2026-02-17 03:26:29,714 | INFO | src.models.train | Training LogisticRegression
2026-02-17 03:26:32,697 | INFO | src.models.evaluate | Evaluating model: LogisticRegression
2026-02-17 03:26:32,712 | INFO | src.models.evaluate | LogisticRegression Accuracy: 0.8796
2026-02-17 03:26:32,713 | INFO | src.models.evaluate | LogisticRegression F1 Score: 0.8785
2026-02-17 03:26:32,714 | INFO | src.models.evaluate | LogisticRegression report: {'0.0': {'precision': 0.9029965156794425, 'recall': 0.92689556509299, 'f1-score': 0.9147899752912108, 'support': 6990.0}, '1.0': {'precision': 0.8207017543859649, 'recall': 0.770675453047776, 'f1-score': 0.7949022939677145, 'support': 3035.0}, 'accuracy': 0.8796009975062344, 'macro avg': {'precision': 0.8618491350327038, 'recall': 0.848785509070383, 'f1-score': 0.8548461346294627, 'support': 10025.0}, 'weighted avg': {'precision': 0.8780823410634121, 'recall': 0.8796009975062344, 'f1-score': 0.8784948019429004, 'support': 10025.0}}
2026-02-17 03:26:32,715 | INFO | src.models.train | Training decision tree
2026-02-17 03:26:33,340 | INFO | src.models.evaluate | Evaluating model: decision tree
2026-02-17 03:26:33,351 | INFO | src.models.evaluate | decision tree Accuracy: 0.8396
2026-02-17 03:26:33,351 | INFO | src.models.evaluate | decision tree F1 Score: 0.8401
2026-02-17 03:26:33,352 | INFO | src.models.evaluate | decision tree report: {'0.0': {'precision': 0.8890977443609023, 'recall': 0.8796852646638055, 'f1-score': 0.8843664605206386, 'support': 6990.0}, '1.0': {'precision': 0.7294950144741075, 'recall': 0.7472817133443163, 'f1-score': 0.73828125, 'support': 3035.0}, 'accuracy': 0.8396009975062344, 'macro avg': {'precision': 0.8092963794175049, 'recall': 0.8134834890040609, 'f1-score': 0.8113238552603192, 'support': 10025.0}, 'weighted avg': {'precision': 0.840779112420112, 'recall': 0.8396009975062344, 'f1-score': 0.8401401648667596, 'support': 10025.0}}
2026-02-17 03:26:33,353 | INFO | src.models.train | Training RandomForest
2026-02-17 03:26:46,496 | INFO | src.models.evaluate | Evaluating model: RandomForest
2026-02-17 03:26:46,506 | INFO | src.models.evaluate | RandomForest Accuracy: 0.8977
2026-02-17 03:26:46,506 | INFO | src.models.evaluate | RandomForest F1 Score: 0.8957
2026-02-17 03:26:46,507 | INFO | src.models.evaluate | RandomForest report: {'0.0': {'precision': 0.9058247142079477, 'recall': 0.9522174535050072, 'f1-score': 0.928441902636351, 'support': 6990.0}, '1.0': {'precision': 0.8752334703025775, 'recall': 0.771993410214168, 'f1-score': 0.8203781512605042, 'support': 3035.0}, 'accuracy': 0.8976558603491271, 'macro avg': {'precision': 0.8905290922552627, 'recall': 0.8621054318595875, 'f1-score': 0.8744100269484276, 'support': 10025.0}, 'weighted avg': {'precision': 0.8965634249059229, 'recall': 0.8976558603491271, 'f1-score': 0.8957263429928901, 'support': 10025.0}}
2026-02-17 03:26:46,509 | INFO | src.models.train | Training knn
2026-02-17 03:26:48,957 | INFO | src.models.evaluate | Evaluating model: knn
2026-02-17 03:26:48,970 | INFO | src.models.evaluate | knn Accuracy: 0.7380
2026-02-17 03:26:48,970 | INFO | src.models.evaluate | knn F1 Score: 0.7342
2026-02-17 03:26:48,970 | INFO | src.models.evaluate | knn report: {'0.0': {'precision': 0.8000275065328015, 'recall': 0.8321888412017168, 'f1-score': 0.8157913189818385, 'support': 6990.0}, '1.0': {'precision': 0.5740740740740741, 'recall': 0.5209225700164745, 'f1-score': 0.5462083261357747, 'support': 3035.0}, 'accuracy': 0.7379551122194514, 'macro avg': {'precision': 0.6870507903034377, 'recall': 0.6765557056090956, 'f1-score': 0.6809998225588066, 'support': 10025.0}, 'weighted avg': {'precision': 0.7316216544118801, 'recall': 0.7379551122194514, 'f1-score': 0.7341769166588656, 'support': 10025.0}}
2026-02-17 03:26:48,972 | INFO | src.models.train | Best model: RandomForest with F1: 0.8957
2026-02-17 03:30:44,360 | INFO | src.models.train | Best RF params: {'max_depth': 20, 'max_features': 'sqrt', 'min_samples_leaf': 2, 'min_samples_split': 10, 'n_estimators': 300}, CV accuracy: 0.8913
2026-02-17 03:31:03,471 | INFO | src.models.evaluate | Evaluating model: RandomForest_Final
2026-02-17 03:31:03,483 | INFO | src.models.evaluate | RandomForest_Final Accuracy: 0.8984
2026-02-17 03:31:03,483 | INFO | src.models.evaluate | RandomForest_Final F1 Score: 0.8987
2026-02-17 03:31:03,484 | INFO | src.models.evaluate | RandomForest_Final report: {'0.0': {'precision': 0.9318674960219876, 'recall': 0.9216022889842632, 'f1-score': 0.92670646623031, 'support': 6990.0}, '1.0': {'precision': 0.8239074550128535, 'recall': 0.8448105436573311, 'f1-score': 0.8342280787375955, 'support': 3035.0}, 'accuracy': 0.8983541147132169, 'macro avg': {'precision': 0.8778874755174205, 'recall': 0.8832064163207971, 'f1-score': 0.8804672724839528, 'support': 10025.0}, 'weighted avg': {'precision': 0.8991833339808184, 'recall': 0.8983541147132169, 'f1-score': 0.8987092686202963, 'support': 10025.0}}
2026-02-17 03:31:03,486 | INFO | src.visuals.plots | Generating confusion matrix
2026-02-17 03:31:03,633 | INFO | src.visuals.plots | Saved: artifacts/reports/confusion_matrix.png\Confusion Matrix.png
2026-02-17 03:31:03,633 | INFO | src.visuals.plots | Confusion matrix saved at artifacts/reports/confusion_matrix.png
2026-02-17 03:31:05,436 | INFO | src.models.train | Train Accuracy: 0.9827, Test Accuracy: 0.8984
2026-02-17 03:31:05,467 | INFO | src.models.train | Top features:
                       feature  importance
5              technical_score    0.178263
29        placement_prob_score    0.167839
11         years_of_experience    0.069617
17             interview_score    0.060370
8      skills_match_percentage    0.052815
13            expected_ctc_lpa    0.051438
18         experience_category    0.039347
12            previous_ctc_lpa    0.029959
45      job_role_match_Matched    0.029488
46  job_role_match_Not Matched    0.026878
2026-02-17 03:31:05,605 | INFO | src.models.train | Final RandomForest model saved at artifacts/models/final_random_forest_model.pkl
2026-02-17 03:31:05,607 | INFO | src.models.train | Saved REQUIRED_COLUMNS for inference at artifacts/required_columns.pkl
2026-02-17 03:31:05,629 | INFO | src.analytics.analytics | Generating business KPIs...
2026-02-17 03:31:05,642 | INFO | src.analytics.analytics | Business KPIs generated successfully
2026-02-17 03:31:05,643 | INFO | __main__ | Business KPIs: {'Total Candidates': 50124, 'Placement Rate (%)': np.float64(30.27), 'Average Skills Match (%)': np.float64(73.94), 'High Risk Candidate (%)': 8.0, 'Offer Dropout Rate (%)': 1.26}
2026-02-17 03:31:05,643 | INFO | __main__ | Training completed. Best Model: RandomForestClassifier
2026-02-17 03:32:02,376 | INFO | src.models.predict | Loaded Top-Feature RandomForest model and required columns successfully.
2026-02-17 03:32:58,454 | INFO | src.models.predict | Loaded Top-Feature RandomForest model and required columns successfully.
2026-02-17 03:42:56,966 | INFO | src.models.predict | Loaded Top-Feature RandomForest model and required columns successfully.
2026-02-17 03:42:58,149 | INFO | src.analytics.analytics | Generating business KPIs...
2026-02-17 03:42:58,161 | INFO | src.analytics.analytics | Business KPIs generated successfully
2026-02-17 03:54:17,458 | INFO | __main__ | Loading train data from: data/processed/processed_dataset.csv/train_raw.csv
2026-02-17 03:54:17,618 | INFO | __main__ | Training RandomForest on top 5 features: ['technical_score', 'years_of_experience', 'aptitude_score', 'skills_match_percentage', 'communication_score']
2026-02-17 03:54:17,619 | INFO | __main__ | Training RandomForestClassifier on top features
2026-02-17 03:54:32,222 | INFO | __main__ | RandomForest training completed.
2026-02-17 03:54:33,340 | INFO | __main__ | Top-Feature RandomForest Accuracy: 0.9899
2026-02-17 03:54:33,341 | INFO | __main__ | Top-Feature RandomForest F1 Score: 0.9832
2026-02-17 03:54:33,508 | INFO | __main__ | Model saved at: artifacts/models/final_rf_top_features.pkl
2026-02-17 03:54:33,508 | INFO | __main__ | Required columns saved at: artifacts/required_columns_top_features.pkl
2026-02-17 03:54:33,509 | INFO | __main__ | train_top_features.py completed successfully.
2026-02-17 03:55:00,387 | INFO | src.models.predict | Loaded Top-Feature RandomForest model and required columns successfully.
2026-02-17 03:55:01,855 | INFO | src.analytics.analytics | Generating business KPIs...
2026-02-17 03:55:01,866 | INFO | src.analytics.analytics | Business KPIs generated successfully
2026-02-17 03:57:52,285 | INFO | src.models.predict | Loaded Top-Feature RandomForest model and required columns successfully.
2026-02-17 03:57:53,474 | INFO | src.analytics.analytics | Generating business KPIs...
2026-02-17 03:57:53,485 | INFO | src.analytics.analytics | Business KPIs generated successfully
2026-02-17 03:58:22,623 | INFO | src.models.predict | Loaded Top-Feature RandomForest model and required columns successfully.
2026-02-17 03:58:23,791 | INFO | src.analytics.analytics | Generating business KPIs...
2026-02-17 03:58:23,800 | INFO | src.analytics.analytics | Business KPIs generated successfully
2026-02-17 04:01:25,350 | INFO | src.models.predict | Loaded Top-Feature RandomForest model and required columns successfully.
2026-02-17 04:01:26,452 | INFO | src.analytics.analytics | Generating business KPIs...
2026-02-17 04:01:26,461 | INFO | src.analytics.analytics | Business KPIs generated successfully
2026-02-18 18:45:08,566 | INFO | __main__ | ML Pipeline started
2026-02-18 18:45:08,570 | INFO | src.data.data_load | Loading data from data/raw/HR_Job_Placement_Dataset.csv
2026-02-18 18:45:08,734 | INFO | src.data.data_load | Data loaded successfully from data/raw/HR_Job_Placement_Dataset.csv, shape: (51500, 26)
2026-02-18 18:45:08,735 | INFO | src.data.data_cleaning | starting data cleaning process....
2026-02-18 18:45:08,879 | INFO | src.data.data_cleaning | Data cleaning completed
2026-02-18 18:45:08,880 | INFO | eda.eda | Starting EDA...
2026-02-18 18:45:09,307 | INFO | eda.eda | Saved: eda_plots\Interview score vs job acceptance.png
2026-02-18 18:45:09,515 | INFO | eda.eda | Saved: eda_plots\Skills Match Percentage vs Job Placement.png
2026-02-18 18:45:09,691 | INFO | eda.eda | Saved: eda_plots\Company Tier vs Acceptance Rate.png
2026-02-18 18:45:09,826 | INFO | eda.eda | Saved: eda_plots\Experience vs Placement Probability.png
2026-02-18 18:45:10,084 | INFO | eda.eda | Saved: eda_plots\Competition level vs job acceptance.png
2026-02-18 18:45:10,787 | INFO | eda.eda | Saved: eda_plots\Correlation Matrix of Numeric Features.png
2026-02-18 18:45:10,788 | INFO | eda.eda | EDA analysis completed successfully
2026-02-18 18:45:10,788 | INFO | src.features.feature_engineering | Starting feature engineering...
2026-02-18 18:45:11,062 | INFO | src.features.feature_engineering | Saved: fe_plots\Experience Category vs Placement Status out total.png
2026-02-18 18:45:11,516 | INFO | src.features.feature_engineering | Saved: fe_plots\Experience Category vs Placement Probability out of placed.png
2026-02-18 18:45:12,083 | INFO | src.features.feature_engineering | Saved: fe_plots\Academic Performance band vs Placement Probability.png
2026-02-18 18:45:12,623 | INFO | src.features.feature_engineering | Saved: fe_plots\Skills match level.png
2026-02-18 18:45:13,169 | INFO | src.features.feature_engineering | Saved: fe_plots\Interview Performance Category vs Placement.png
2026-02-18 18:45:13,170 | INFO | src.data.feature_scaling | Scaling features: ['communication_score', 'technical_score', 'skills_match_percentage', 'interview_score', 'years_of_experience']...
2026-02-18 18:45:13,175 | INFO | src.data.feature_scaling | Feature scaling completed
2026-02-18 18:45:13,709 | INFO | src.features.feature_engineering | Saved: fe_plots\Placement Probability Score.png
2026-02-18 18:45:13,710 | INFO | src.features.feature_engineering | Feature engineering completed successfully
2026-02-18 18:45:13,710 | INFO | src.data.data_preprocess | Starting data preprocessing (encoding)....
2026-02-18 18:45:13,808 | INFO | src.data.data_preprocess | Data preprocessing (encoding) completed
2026-02-18 18:45:13,955 | INFO | src.data.split | Splitting data into train and test sets
2026-02-18 18:45:14,018 | INFO | src.data.split | Split completed: Train=(40099, 57), Test=(10025, 57)
2026-02-18 18:45:15,496 | INFO | src.data.split | Train data saved at data/processed/processed_dataset.csv\train_raw.csv
2026-02-18 18:45:15,498 | INFO | src.data.split | Test data saved at data/processed/processed_dataset.csv\test_raw.csv
2026-02-18 18:45:15,502 | INFO | src.models.train | Training LogisticRegression
2026-02-18 18:45:18,801 | INFO | src.models.evaluate | Evaluating model: LogisticRegression
2026-02-18 18:45:18,815 | INFO | src.models.evaluate | LogisticRegression Accuracy: 0.8796
2026-02-18 18:45:18,816 | INFO | src.models.evaluate | LogisticRegression F1 Score: 0.8785
2026-02-18 18:45:18,818 | INFO | src.models.evaluate | LogisticRegression report: {'0.0': {'precision': 0.9029965156794425, 'recall': 0.92689556509299, 'f1-score': 0.9147899752912108, 'support': 6990.0}, '1.0': {'precision': 0.8207017543859649, 'recall': 0.770675453047776, 'f1-score': 0.7949022939677145, 'support': 3035.0}, 'accuracy': 0.8796009975062344, 'macro avg': {'precision': 0.8618491350327038, 'recall': 0.848785509070383, 'f1-score': 0.8548461346294627, 'support': 10025.0}, 'weighted avg': {'precision': 0.8780823410634121, 'recall': 0.8796009975062344, 'f1-score': 0.8784948019429004, 'support': 10025.0}}
2026-02-18 18:45:18,820 | INFO | src.models.train | Training decision tree
2026-02-18 18:45:19,489 | INFO | src.models.evaluate | Evaluating model: decision tree
2026-02-18 18:45:19,499 | INFO | src.models.evaluate | decision tree Accuracy: 0.8396
2026-02-18 18:45:19,499 | INFO | src.models.evaluate | decision tree F1 Score: 0.8401
2026-02-18 18:45:19,500 | INFO | src.models.evaluate | decision tree report: {'0.0': {'precision': 0.8890977443609023, 'recall': 0.8796852646638055, 'f1-score': 0.8843664605206386, 'support': 6990.0}, '1.0': {'precision': 0.7294950144741075, 'recall': 0.7472817133443163, 'f1-score': 0.73828125, 'support': 3035.0}, 'accuracy': 0.8396009975062344, 'macro avg': {'precision': 0.8092963794175049, 'recall': 0.8134834890040609, 'f1-score': 0.8113238552603192, 'support': 10025.0}, 'weighted avg': {'precision': 0.840779112420112, 'recall': 0.8396009975062344, 'f1-score': 0.8401401648667596, 'support': 10025.0}}
2026-02-18 18:45:19,502 | INFO | src.models.train | Training RandomForest
2026-02-18 18:45:34,813 | INFO | src.models.evaluate | Evaluating model: RandomForest
2026-02-18 18:45:34,826 | INFO | src.models.evaluate | RandomForest Accuracy: 0.8977
2026-02-18 18:45:34,826 | INFO | src.models.evaluate | RandomForest F1 Score: 0.8957
2026-02-18 18:45:34,826 | INFO | src.models.evaluate | RandomForest report: {'0.0': {'precision': 0.9058247142079477, 'recall': 0.9522174535050072, 'f1-score': 0.928441902636351, 'support': 6990.0}, '1.0': {'precision': 0.8752334703025775, 'recall': 0.771993410214168, 'f1-score': 0.8203781512605042, 'support': 3035.0}, 'accuracy': 0.8976558603491271, 'macro avg': {'precision': 0.8905290922552627, 'recall': 0.8621054318595875, 'f1-score': 0.8744100269484276, 'support': 10025.0}, 'weighted avg': {'precision': 0.8965634249059229, 'recall': 0.8976558603491271, 'f1-score': 0.8957263429928901, 'support': 10025.0}}
2026-02-18 18:45:34,829 | INFO | src.models.train | Training knn
2026-02-18 18:45:37,276 | INFO | src.models.evaluate | Evaluating model: knn
2026-02-18 18:45:37,295 | INFO | src.models.evaluate | knn Accuracy: 0.7380
2026-02-18 18:45:37,295 | INFO | src.models.evaluate | knn F1 Score: 0.7342
2026-02-18 18:45:37,295 | INFO | src.models.evaluate | knn report: {'0.0': {'precision': 0.8000275065328015, 'recall': 0.8321888412017168, 'f1-score': 0.8157913189818385, 'support': 6990.0}, '1.0': {'precision': 0.5740740740740741, 'recall': 0.5209225700164745, 'f1-score': 0.5462083261357747, 'support': 3035.0}, 'accuracy': 0.7379551122194514, 'macro avg': {'precision': 0.6870507903034377, 'recall': 0.6765557056090956, 'f1-score': 0.6809998225588066, 'support': 10025.0}, 'weighted avg': {'precision': 0.7316216544118801, 'recall': 0.7379551122194514, 'f1-score': 0.7341769166588656, 'support': 10025.0}}
2026-02-18 18:45:37,298 | INFO | src.models.train | Best model: RandomForest with F1: 0.8957
2026-02-18 18:50:45,818 | INFO | src.models.train | Best RF params: {'max_depth': 20, 'max_features': 'sqrt', 'min_samples_leaf': 2, 'min_samples_split': 10, 'n_estimators': 300}, CV accuracy: 0.8913
2026-02-18 18:51:06,670 | INFO | src.models.evaluate | Evaluating model: RandomForest_Final
2026-02-18 18:51:06,682 | INFO | src.models.evaluate | RandomForest_Final Accuracy: 0.8984
2026-02-18 18:51:06,682 | INFO | src.models.evaluate | RandomForest_Final F1 Score: 0.8987
2026-02-18 18:51:06,682 | INFO | src.models.evaluate | RandomForest_Final report: {'0.0': {'precision': 0.9318674960219876, 'recall': 0.9216022889842632, 'f1-score': 0.92670646623031, 'support': 6990.0}, '1.0': {'precision': 0.8239074550128535, 'recall': 0.8448105436573311, 'f1-score': 0.8342280787375955, 'support': 3035.0}, 'accuracy': 0.8983541147132169, 'macro avg': {'precision': 0.8778874755174205, 'recall': 0.8832064163207971, 'f1-score': 0.8804672724839528, 'support': 10025.0}, 'weighted avg': {'precision': 0.8991833339808184, 'recall': 0.8983541147132169, 'f1-score': 0.8987092686202963, 'support': 10025.0}}
2026-02-18 18:51:06,685 | INFO | src.visuals.plots | Generating confusion matrix
2026-02-18 18:51:06,901 | INFO | src.visuals.plots | Saved: artifacts/reports/confusion_matrix.png\Confusion Matrix.png
2026-02-18 18:51:06,901 | INFO | src.visuals.plots | Confusion matrix saved at artifacts/reports/confusion_matrix.png
2026-02-18 18:51:08,953 | INFO | src.models.train | Train Accuracy: 0.9827, Test Accuracy: 0.8984
2026-02-18 18:51:08,996 | INFO | src.models.train | Top features:
                       feature  importance
5              technical_score    0.178263
29        placement_prob_score    0.167839
11         years_of_experience    0.069617
17             interview_score    0.060370
8      skills_match_percentage    0.052815
13            expected_ctc_lpa    0.051438
18         experience_category    0.039347
12            previous_ctc_lpa    0.029959
45      job_role_match_Matched    0.029488
46  job_role_match_Not Matched    0.026878
2026-02-18 18:51:09,135 | INFO | src.models.train | Final RandomForest model saved at artifacts/models/final_random_forest_model.pkl
2026-02-18 18:51:09,137 | INFO | src.models.train | Saved REQUIRED_COLUMNS for inference at artifacts/required_columns.pkl
2026-02-18 18:51:09,163 | INFO | src.analytics.analytics | Generating business KPIs...
2026-02-18 18:51:09,176 | INFO | src.analytics.analytics | Business KPIs generated successfully
2026-02-18 18:51:09,177 | INFO | __main__ | Business KPIs: {'Total Candidates': 50124, 'Placement Rate (%)': np.float64(30.27), 'Job Acceptance Rate (%)': np.float64(44.16), 'Average Interview Score': np.float64(198.13), 'Average Skills Match (%)': np.float64(73.94), 'High Risk Candidate (%)': 8.0, 'Offer Dropout Rate (%)': 1.26}
2026-02-18 18:51:09,177 | INFO | __main__ | Training completed. Best Model: RandomForestClassifier
2026-02-18 18:52:13,365 | INFO | __main__ | Loading train data from: data/processed/processed_dataset.csv/train_raw.csv
2026-02-18 18:52:13,566 | INFO | __main__ | Training RandomForest on top 5 features: ['technical_score', 'years_of_experience', 'aptitude_score', 'skills_match_percentage', 'communication_score']
2026-02-18 18:52:13,567 | INFO | __main__ | Training RandomForestClassifier on top features
2026-02-18 18:52:29,540 | INFO | __main__ | RandomForest training completed.
2026-02-18 18:52:30,797 | INFO | __main__ | Top-Feature RandomForest Accuracy: 0.9899
2026-02-18 18:52:30,797 | INFO | __main__ | Top-Feature RandomForest F1 Score: 0.9832
2026-02-18 18:52:31,000 | INFO | __main__ | Model saved at: artifacts/models/final_rf_top_features.pkl
2026-02-18 18:52:31,000 | INFO | __main__ | Required columns saved at: artifacts/required_columns_top_features.pkl
2026-02-18 18:52:31,001 | INFO | __main__ | train_top_features.py completed successfully.
2026-02-18 18:53:11,369 | INFO | src.models.predict | Loaded Top-Feature RandomForest model and required columns successfully.
2026-02-18 18:53:13,676 | INFO | src.analytics.analytics | Generating business KPIs...
2026-02-18 18:53:13,687 | INFO | src.analytics.analytics | Business KPIs generated successfully
2026-02-18 18:53:29,599 | INFO | src.analytics.analytics | Generating business KPIs...
2026-02-18 18:53:29,615 | INFO | src.analytics.analytics | Business KPIs generated successfully
2026-02-18 18:53:31,222 | INFO | src.analytics.analytics | Generating business KPIs...
2026-02-18 18:53:31,236 | INFO | src.analytics.analytics | Business KPIs generated successfully
2026-02-18 18:53:32,828 | INFO | src.analytics.analytics | Generating business KPIs...
2026-02-18 18:53:32,840 | INFO | src.analytics.analytics | Business KPIs generated successfully
2026-02-18 18:53:35,639 | INFO | src.analytics.analytics | Generating business KPIs...
2026-02-18 18:53:35,654 | INFO | src.analytics.analytics | Business KPIs generated successfully
2026-02-18 18:53:38,674 | INFO | src.analytics.analytics | Generating business KPIs...
2026-02-18 18:53:38,687 | INFO | src.analytics.analytics | Business KPIs generated successfully
2026-02-18 18:53:39,136 | INFO | src.analytics.analytics | Generating business KPIs...
2026-02-18 18:53:39,150 | INFO | src.analytics.analytics | Business KPIs generated successfully
2026-02-18 18:53:45,404 | INFO | src.analytics.analytics | Generating business KPIs...
2026-02-18 18:53:45,421 | INFO | src.analytics.analytics | Business KPIs generated successfully
2026-02-18 18:53:47,474 | INFO | src.analytics.analytics | Generating business KPIs...
2026-02-18 18:53:47,488 | INFO | src.analytics.analytics | Business KPIs generated successfully
2026-02-18 18:53:50,641 | INFO | src.analytics.analytics | Generating business KPIs...
2026-02-18 18:53:50,653 | INFO | src.analytics.analytics | Business KPIs generated successfully
2026-02-18 18:53:51,933 | INFO | src.analytics.analytics | Generating business KPIs...
2026-02-18 18:53:51,947 | INFO | src.analytics.analytics | Business KPIs generated successfully
2026-02-18 18:53:52,713 | INFO | src.analytics.analytics | Generating business KPIs...
2026-02-18 18:53:52,730 | INFO | src.analytics.analytics | Business KPIs generated successfully
2026-02-18 18:53:53,147 | INFO | src.analytics.analytics | Generating business KPIs...
2026-02-18 18:53:53,161 | INFO | src.analytics.analytics | Business KPIs generated successfully
